genres,username
Documentary,omarhuffman1
Fantasy,mr.jasonlove2
Animation,angelathompson3
Documentary,jessicasherman4
Documentary,oscarharmon5
Adventure,jessicawilson6
Action,kylebailey7
Animation,johnhenderson8
War,traceyirwin9
Romance,margaretallen10
Children,stacygrant11
Children,kimbrooks12
Western,nicholasbolton13
Western,lauriekirk14
Adventure,angelagarcia15
Western,waynesmith16
War,dylanrobinson17
War,katiebrown18
Comedy,mistywilliams19
Animation,nicoleramsey20
Musical,williamsmith21
Fantasy,anthonyespinoza22
(no genres listed),juliacompton23
Musical,josephchambers24
Animation,jennifercohen25
(no genres listed),theodorebarnett26
Animation,frankdavis27
Horror,michaelstone28
IMAX,kathleenschroeder29
Mystery,aaroncastro30
Musical,andrewwillis31
Fantasy,angelacarr32
Drama,cynthiaowens33
Action,courtneysalinas34
Adventure,sierrathomas35
Mystery,codylopez36
Mystery,kevinhill37
Children,michelleharris38
Romance,jamesnunez39
Musical,cynthiawilkerson40
Drama,rhondasimonmd41
Musical,toddgonzalez42
War,russellprice43
(no genres listed),shelleybooth44
Romance,ashleylloyd45
IMAX,jenniferallen46
Thriller,randallbray47
Comedy,gabrieldavila48
Adventure,michaelwilliamson49
Thriller,robinsmith50
(no genres listed),bradleycooper51
Adventure,erikapearson52
IMAX,patriciajohnson53
Musical,lindawhitaker54
Drama,danielmartin55
Mystery,dr.angelajohnson56
Documentary,davidarmstrong57
Adventure,michaelhill58
Musical,evelyndixon59
Mystery,joshuarobinson60
Animation,michaelarnold61
(no genres listed),johnwiggins62
Comedy,sethrobertson63
IMAX,stephenrogers64
Horror,patriciamatthews65
IMAX,jennifernorton66
Documentary,mariawashington67
War,jordanbrown68
Fantasy,traciwiggins69
Animation,sarahjimenez70
Drama,andrestark71
Film-Noir,michaelsimmons72
Western,angelarobertson73
Animation,christopherhooper74
Crime,kimwilliams75
Western,valeriejackson76
Thriller,amyfischer77
Comedy,jonathanobrien78
Animation,hannaharmstrong79
Animation,edwinromero80
Crime,erinjensen81
Action,briansmith82
Film-Noir,jasonthornton83
Mystery,daniellester84
Thriller,emmajames85
Horror,lukemyers86
Western,codyschmidt87
Romance,scottfreeman88
Children,kellymarquez89
IMAX,johnnymalone90
Drama,michaeljohnson91
Thriller,tiffanypatterson92
Crime,laurahernandez93
Comedy,anitamatthews94
Horror,kevinsexton95
Comedy,randyblake96
Mystery,laceymadden97
(no genres listed),tammymartinez98
Action,daviddominguez99
Thriller,aprilmartin100
Crime,cynthiagarcia101
Animation,crystallane102
Thriller,kendrahoover103
Crime,sabrinaware104
Horror,clintonspencer105
Crime,kellicarney106
Sci-Fi,lisajames107
Documentary,theodorelandry108
Thriller,paulaandersen109
Film-Noir,stevenwong110
Action,stevenrich111
Documentary,jonsmall112
Film-Noir,veronicahall113
Action,roysweeney114
Western,amandapalmer115
Crime,missalexandriajohnsondds116
Comedy,robinpierce117
Musical,georgejames118
War,billyjohnson119
Fantasy,kevinlee120
Action,erikasanchez121
War,ryansmith122
Action,elizabethgonzalez123
Fantasy,taylormoreno124
Sci-Fi,thomasavila125
Animation,victoriaschmitt126
(no genres listed),jasonpierce127
Drama,jessicaleblanc128
Action,valerierose129
Mystery,cherylsanders130
Thriller,tanyasingleton131
Thriller,elizabethanderson132
Mystery,sarahmartinez133
Drama,lindamccoy134
(no genres listed),brianweber135
Comedy,nicholasdean136
Thriller,nicholasrodriguez137
Comedy,brandihernandez138
Action,samanthaphillips139
Romance,walterriddle140
Children,jeffreymyers141
IMAX,crystalstrong142
Musical,alyssaking143
Romance,christophersanders144
Children,garytucker145
Thriller,michaelgibbs146
Action,troywright147
Fantasy,joshuahunter148
Documentary,johnswanson149
Western,benjaminward150
Romance,aaronnelson151
Action,kendraharris152
Sci-Fi,hannahgarcia153
Children,johnmiller154
Comedy,seanmendez155
(no genres listed),michelleduarte156
Documentary,lisamiller157
Crime,gabrielgraham158
Romance,jonathanbooker159
War,jessicaherring160
Adventure,emilysmith161
Drama,christopherthomas162
IMAX,tanyagutierrez163
IMAX,ruthpatterson164
Western,jerryrobinson165
Thriller,jakemathews166
Sci-Fi,hunterstanley167
Action,kristinafoster168
Animation,jasonmurphy169
IMAX,mariataylor170
Comedy,breannamerritt171
Thriller,ianhurley172
Fantasy,josephrobinson173
Sci-Fi,theodorewagner174
Documentary,pamelayates175
Sci-Fi,nicholasburke176
Action,sethgarrison177
Thriller,michellecooper178
Sci-Fi,jamesnelson179
Musical,joshuahansen180
Action,donnaayala181
Crime,edwinrodriguez182
Western,victorreynolds183
Action,seanmorris184
War,louisarnold185
Mystery,jayluna186
Film-Noir,ryankeith187
Action,craigsmith188
IMAX,tayloryoung189
Horror,davidcox190
Comedy,veronicataylor191
Western,katherinemelendez192
Western,jamieevans193
Animation,jamescarter194
Musical,jamessmith195
Children,ambercarson196
Thriller,brandonbrown197
Film-Noir,rachelwilliams198
War,elizabethpowell199
Action,davidmalone200
Mystery,tylerwolf201
Thriller,teresasalazar202
Mystery,shelbyjoseph203
Adventure,stevenjones204
Film-Noir,amandaallison205
Adventure,kristinrodriguez206
Children,patrickhutchinson207
IMAX,stephencrawford208
Children,alisoncooper209
Animation,michaelwatson210
Fantasy,christianramirez211
IMAX,aaronjackson212
Documentary,dianabentley213
Musical,davidweaverdvm214
Musical,lauriewilliams215
Mystery,dominiquereed216
War,jennifergarcia217
Sci-Fi,amyshelton218
War,christopherperry219
(no genres listed),christinawinters220
Action,colinhowe221
Fantasy,stacyjones222
Romance,stephanieporter223
Fantasy,nicoledurham224
Thriller,davidfrancis225
Documentary,haleycummings226
Thriller,jasondudley227
Western,kimberlywhite228
Mystery,francisclarke229
Western,michaelmendoza230
Crime,robertjones231
Drama,kevinsalazar232
Western,michaelbrandt233
Musical,markadams234
Film-Noir,vincentbrown235
Adventure,mrs.megandavis236
Sci-Fi,melissabaker237
Comedy,mr.kevinphillips238
Horror,nicholasmoore239
Animation,brianalara240
War,stevenmorris241
IMAX,loricooper242
IMAX,kelseywhite243
Animation,jessicahall244
Crime,davidhahn245
Sci-Fi,josephhartmandds246
Romance,eileennewton247
Drama,matthewharris248
Mystery,christinahardy249
Drama,alexispeck250
Film-Noir,andrewfreeman251
War,johnthomas252
Crime,amberpennington253
Sci-Fi,georgemcmillan254
Documentary,alexislopez255
(no genres listed),royjohnson256
Comedy,scottjones257
Thriller,dr.michaelwright258
Drama,vincentellis259
Musical,stephanieolson260
Western,blakebennett261
Film-Noir,ashleysmith262
Action,billstanley263
Documentary,matthewdudley264
Romance,marthadixon265
Romance,cathykoch266
Sci-Fi,sarahcox267
Comedy,lorihernandez268
War,patrickgrant269
Adventure,hollymiller270
Musical,charlesadams271
Western,tylerhenderson272
Western,davidmartinez273
Documentary,christopherhudson274
Romance,paulasanders275
Horror,francessmith276
Sci-Fi,peggyhahn277
Thriller,tinawalton278
Western,robertdavis279
Horror,kristenwilliams280
Adventure,charlesbanks281
Crime,jamespena282
Western,williamrussell283
Thriller,angelawatson284
Romance,ronaldkirk285
Crime,andrewwhite286
Crime,donaldguerrero287
Thriller,rachelkennedy288
Comedy,rebekahrios289
Musical,jamesthomas290
Documentary,ianbrewer291
(no genres listed),georgechung292
Romance,cassandrarose293
Musical,julienunez294
Drama,madisonoconnor295
Adventure,codychavez296
Mystery,marilynjohnson297
War,ericasullivan298
Musical,johnmarshall299
Children,jennaharrell300
Animation,alexismendez301
(no genres listed),laurasnow302
IMAX,melissahoward303
War,lesliebenson304
Mystery,justinperez305
Western,melissacarr306
Children,phillipbenjamin307
Sci-Fi,samanthaclarke308
(no genres listed),jennifermyers309
Western,jennadiaz310
Romance,marissachoi311
War,troymitchell312
IMAX,deborahhardy313
Animation,shawnwilliams314
Drama,blakecooper315
Musical,bryanbrown316
Crime,cassidyarnold317
Western,jamespatterson318
Action,nathanhall319
Western,davidmartin320
Documentary,mikaylamorgan321
Western,richardbrown322
Thriller,rebeccadominguez323
Horror,manuelmorris324
Musical,tonynunez325
Crime,aliciacortez326
Animation,colleenford327
Thriller,angelamcintosh328
Action,brittanyfox329
Mystery,mr.douglasaguirre330
Crime,aliciamorris331
Adventure,feliciawolf332
Horror,tiffanyarcher333
Comedy,amandaweber334
Film-Noir,kimberlylopez335
(no genres listed),jamesfinley336
Adventure,lisaatkinson337
Drama,michellewolf338
Musical,hannahbishop339
Adventure,timothycarlson340
Sci-Fi,briantownsend341
War,claytonlopez342
Mystery,dianaweaver343
Documentary,alyssakeller344
Fantasy,michellenelson345
Adventure,ronaldjimenez346
Western,jasminegarcia347
Crime,stevenbrown348
Drama,louissampson349
IMAX,samuelnguyen350
IMAX,tiffanyduarte351
Children,ricardoflores352
Documentary,melaniemcfarland353
Horror,jeffreylin354
Thriller,carrieparker355
Fantasy,douglasparsons356
Romance,danielharrington357
Mystery,codyjohnson358
Animation,denniskirk359
Romance,annflores360
Crime,carolynvelasquez361
Romance,kaylasimpson362
(no genres listed),michaelbranch363
Film-Noir,tiffanyperez364
Action,susansimmons365
Adventure,autumnvalenzuela366
Children,christinamiles367
(no genres listed),kellydelgado368
Fantasy,katiecollins369
Children,charlenerodriguez370
Thriller,catherineyoung371
Children,lindseygreen372
IMAX,stephenharris373
Adventure,johntorres374
War,derekpena375
Comedy,ashleywilson376
Animation,elizabethsanchez377
Comedy,markhaas378
(no genres listed),thomasjohnson379
Romance,thomasswanson380
Adventure,justingarcia381
War,adamwilliams382
Western,carrieclark383
Film-Noir,heatherscott384
Documentary,elizabethcantu385
Film-Noir,angelawatkins386
Documentary,jameswhitehead387
Action,mr.johnjohns388
(no genres listed),cynthiafreeman389
(no genres listed),travisgarcia390
Children,katielogan391
Animation,sarasnyder392
Adventure,susanburnett393
Sci-Fi,christophergutierrez394
(no genres listed),juliashaffer395
(no genres listed),jaredharrison396
Fantasy,lesliereeves397
Action,heathermccoy398
Mystery,haileylogan399
Documentary,heathermorrison400
Romance,duanesmith401
Documentary,kennethdaniels402
Animation,mrs.lisaschultz403
Western,davidwashington404
Fantasy,adammartin405
Documentary,jackking406
Animation,glorianelson407
Action,peteroconnor408
Documentary,keithhowell409
Crime,zacharycarey410
Film-Noir,danielhenrydds411
IMAX,crystalmartinez412
Adventure,jerryvaughn413
Drama,heathermiller414
Romance,coreymatthews415
Comedy,marisawallace416
Children,catherinegonzalez417
Comedy,josephharris418
Horror,juliehurley419
Sci-Fi,kimberlyedwards420
Horror,morganmoore421
Action,josephwilliams422
Horror,garyturner423
Crime,taylorhuber424
Sci-Fi,ginaestrada425
Animation,michaelthomas426
Comedy,jenniferpowellmd427
Action,mrs.deannagarciaphd428
Comedy,taylorbyrd429
Romance,suzanneavila430
Adventure,manuelelliott431
Western,karentran432
Comedy,tanyamason433
War,heatherbrooks434
Film-Noir,derrickkeith435
Fantasy,andrealee436
War,alisonpatterson437
Western,jonathanlopez438
Thriller,davidvillarreal439
Mystery,katelynmorgan440
Fantasy,melissadavis441
Adventure,kimsutton442
Mystery,lynngreen443
Animation,saraortiz444
Adventure,richardschmitt445
Animation,brendanfordjr.446
(no genres listed),davidkeller447
Sci-Fi,leahdixon448
IMAX,margaretnelson449
Crime,richardhughes450
War,danielarmstrong451
Mystery,larryboyd452
IMAX,lisafoster453
Adventure,deborahmoore454
Horror,claudiaparks455
Mystery,craigharris456
War,teresagraham457
(no genres listed),maryfloyd458
Crime,sharibentley459
Thriller,kellylong460
Adventure,thomasfoster461
IMAX,elizabethheath462
Thriller,joelhicks463
Action,kevinsloan464
Musical,justinochoa465
Thriller,jamesford466
Action,kristinjohnson467
Children,ritaowens468
Comedy,paulmejia469
Fantasy,parkerbeck470
(no genres listed),martingibson471
Romance,johnherrera472
Horror,kaylaacosta473
Children,robertjones474
Sci-Fi,blakelowery475
Romance,davidellisonjr.476
Crime,robertbrown477
Romance,stevenhinton478
(no genres listed),amberthompson479
Musical,tiffanyphillips480
War,kennethsnydermd481
Drama,krystalkirk482
Crime,melissaking483
Thriller,alexissteelemd484
IMAX,lindamassey485
Musical,lindabrown486
IMAX,jordanwallace487
Thriller,evanlawrence488
(no genres listed),davidjordan489
Crime,cynthiasparks490
Film-Noir,ryandorsey491
Fantasy,sarahallendds492
Film-Noir,brycewhite493
Thriller,mariaallen494
IMAX,brandondrake495
Crime,nicolasbailey496
Film-Noir,benjaminwall497
Action,davidhamilton498
Adventure,michelegarcia499
Thriller,christiancarter500
Comedy,josemiller501
Documentary,mr.stevenhernandez502
Drama,alanjefferson503
Documentary,annadaniels504
Sci-Fi,derrickcollier505
Animation,danamills506
Animation,jamesfrancis507
Romance,melindasilva508
Drama,crystalspencer509
Romance,jasonscott510
Children,jeanetterodriguezmd511
IMAX,barbaralindsey512
Action,barbarareilly513
Comedy,josephbarrera514
Thriller,angeladominguez515
Mystery,tamarafreeman516
Action,arthurmartinez517
Action,anthonycook518
Action,meredithleonard519
Crime,cherylgordon520
Western,nicolecoffey521
Musical,dianarobles522
Horror,tiffanyalexander523
Thriller,josephshaffer524
Musical,williamweber525
IMAX,sarahtorres526
(no genres listed),annameyer527
Western,nicholasmartinez528
Film-Noir,christopherthomas529
Action,lauraobrien530
War,frederickwilliamson531
Romance,markblair532
Documentary,antoniohunter533
Children,sandyjones534
War,josephberry535
Horror,elizabethgray536
Crime,georgesmith537
Thriller,jennifercontreras538
Animation,kimberlygardner539
Film-Noir,nicolejohnson540
Action,jenniferlin541
Children,dylanrich542
Thriller,melissaaguirre543
Western,zacharybowers544
IMAX,victorbrown545
Children,susanrivers546
Action,darlenegarcia547
Animation,paulfox548
Adventure,briancampbell549
Western,crystalhunt550
Fantasy,mathewwilson551
Fantasy,patriciacox552
Adventure,carlosyang553
Thriller,noahoneill554
Animation,reneedavis555
Documentary,dylanbowers556
Thriller,denisebrown557
Mystery,jamesharris558
Horror,jessicameyer559
Animation,leeshelton560
Fantasy,brookewagnermd561
Romance,johnnelson562
Mystery,jonathancooper563
Sci-Fi,robertbrooks564
Romance,veronicabenjamin565
Mystery,timothyfox566
Thriller,kennethpitts567
Drama,brandyfowler568
Adventure,cherylvalenzuelamd569
(no genres listed),catherinetrujillo570
Western,kimberlylong571
Mystery,amandapearson572
Crime,mathewsmith573
Thriller,michellerobinson574
Thriller,vincentglass575
Sci-Fi,luiswerner576
Horror,robertbush577
Horror,craigbowman578
IMAX,terryholder579
Sci-Fi,jenniferberry580
Romance,bradleyjones581
Adventure,markruiz582
IMAX,meghanshah583
Adventure,robertgallegos584
Mystery,lesliebrady585
Documentary,patrickthomas586
Documentary,suemason587
Sci-Fi,kelseyjenkins588
Musical,debrasharp589
Crime,danielpotts590
(no genres listed),johnschneider591
Sci-Fi,melissamatthews592
IMAX,davidsmith593
Mystery,tiffanymontoya594
Sci-Fi,andreawilson595
IMAX,miguelmarshall596
Animation,sarastewart597
Drama,terrymullins598
Musical,gregorybeard599
Children,henrycompton600
Animation,miacoleman601
Fantasy,samanthamatthewsdds602
Drama,jackiebradford603
Documentary,angelicarodriguez604
Documentary,susancampbell605
Western,madelinehodge606
Drama,davidfarmer607
Thriller,feliciagreen608
Musical,douglaswright609
(no genres listed),hollylopez610
Animation,joshuamoore611
Drama,katherinemartin612
(no genres listed),ashleyroberts613
Adventure,jamesgiles614
Western,sierrachandler615
Romance,danielmcbride616
Animation,adriennemiller617
Animation,lesliekennedy618
Sci-Fi,lynnnichols619
Mystery,danielmichael620
IMAX,dawnwood621
Adventure,kathleencordova622
War,reneeford623
Drama,karenavila624
Western,michaelwilliams625
Film-Noir,jeffreyharris626
(no genres listed),guydavis627
War,kristabaird628
Horror,bettyramos629
Horror,glennmitchell630
Sci-Fi,christopherchandler631
War,kellygomez632
Drama,pamelaanthony633
Sci-Fi,tanyajohnson634
(no genres listed),kathleenjacobs635
Children,beverlymcdonald636
Romance,robertwilson637
Action,michaelgarcia638
Documentary,shelbysilva639
IMAX,deborahskinner640
Comedy,kimberlysmith641
Horror,jasondelacruz642
Sci-Fi,mr.johnconrad643
Children,jonathanbowen644
Film-Noir,kaylaaguirre645
Mystery,joshuaelliott646
Romance,elizabethfranklin647
Animation,matthewlevy648
Children,elizabethgarrison649
Drama,jeremiahbell650
Drama,karenfrazier651
Thriller,rebeccabrown652
Western,jonathancobb653
War,jessebradley654
Animation,emilywillis655
(no genres listed),amymorton656
Animation,donnathompson657
Horror,mrs.lisabradshaw658
Thriller,monicabranch659
Horror,shawndavis660
(no genres listed),melaniewilliams661
Musical,michelewatson662
War,amberlee663
Animation,donaldmunoz664
Comedy,brittneystewart665
Action,lauragarcia666
Sci-Fi,erikawalsh667
Thriller,katherinebrooks668
Animation,henrywatkins669
Drama,sarahcalhoun670
Adventure,michelletaylor671
