actorId,username
16260,omarhuffman1
11764,mr.jasonlove2
16707,angelathompson3
21915,jessicasherman4
14274,oscarharmon5
28982,jessicawilson6
10417,kylebailey7
10549,johnhenderson8
19487,traceyirwin9
9984,margaretallen10
10176,stacygrant11
23743,kimbrooks12
18126,nicholasbolton13
9917,lauriekirk14
23689,angelagarcia15
12878,waynesmith16
16423,dylanrobinson17
17689,katiebrown18
25021,mistywilliams19
23413,nicoleramsey20
18775,williamsmith21
15928,anthonyespinoza22
15874,juliacompton23
17145,josephchambers24
16678,jennifercohen25
17248,theodorebarnett26
10319,frankdavis27
21513,michaelstone28
17625,kathleenschroeder29
15870,aaroncastro30
17017,andrewwillis31
16328,angelacarr32
11273,cynthiaowens33
20758,courtneysalinas34
17806,sierrathomas35
21732,codylopez36
11685,kevinhill37
11968,michelleharris38
20921,jamesnunez39
13273,cynthiawilkerson40
18283,rhondasimonmd41
19982,toddgonzalez42
15460,russellprice43
18635,shelleybooth44
27879,ashleylloyd45
15323,jenniferallen46
14957,randallbray47
23099,gabrieldavila48
18091,michaelwilliamson49
14899,robinsmith50
25333,bradleycooper51
17923,erikapearson52
19414,patriciajohnson53
11829,lindawhitaker54
19536,danielmartin55
12894,dr.angelajohnson56
16804,davidarmstrong57
22270,michaelhill58
12197,evelyndixon59
27603,joshuarobinson60
16807,michaelarnold61
15714,johnwiggins62
14021,sethrobertson63
20220,stephenrogers64
11443,patriciamatthews65
14006,jennifernorton66
10799,mariawashington67
15764,jordanbrown68
21065,traciwiggins69
15173,sarahjimenez70
11886,andrestark71
12449,michaelsimmons72
10211,angelarobertson73
12103,christopherhooper74
9987,kimwilliams75
22279,valeriejackson76
14485,amyfischer77
10091,jonathanobrien78
12104,hannaharmstrong79
15845,edwinromero80
27008,erinjensen81
12907,briansmith82
16218,jasonthornton83
22224,daniellester84
16050,emmajames85
10400,lukemyers86
15429,codyschmidt87
27654,scottfreeman88
22619,kellymarquez89
14774,johnnymalone90
17343,michaeljohnson91
23186,tiffanypatterson92
14473,laurahernandez93
10884,anitamatthews94
26285,kevinsexton95
32351,randyblake96
18717,laceymadden97
13694,tammymartinez98
15687,daviddominguez99
23225,aprilmartin100
22683,cynthiagarcia101
15076,crystallane102
15013,kendrahoover103
12252,sabrinaware104
14848,clintonspencer105
13787,kellicarney106
12901,lisajames107
18130,theodorelandry108
21525,paulaandersen109
16085,stevenwong110
22132,stevenrich111
21426,jonsmall112
10876,veronicahall113
15511,roysweeney114
13300,amandapalmer115
21311,missalexandriajohnsondds116
17542,robinpierce117
23406,georgejames118
20584,billyjohnson119
11605,kevinlee120
11113,erikasanchez121
10404,ryansmith122
20058,elizabethgonzalez123
21640,taylormoreno124
18752,thomasavila125
15877,victoriaschmitt126
14629,jasonpierce127
15033,jessicaleblanc128
14515,valerierose129
15266,cherylsanders130
18871,tanyasingleton131
24333,elizabethanderson132
10628,sarahmartinez133
26744,lindamccoy134
16783,brianweber135
12417,nicholasdean136
11271,nicholasrodriguez137
10019,brandihernandez138
13961,samanthaphillips139
15384,walterriddle140
12188,jeffreymyers141
26944,crystalstrong142
14922,alyssaking143
16895,christophersanders144
23805,garytucker145
13785,michaelgibbs146
11972,troywright147
22198,joshuahunter148
10860,johnswanson149
12206,benjaminward150
15104,aaronnelson151
19759,kendraharris152
18129,hannahgarcia153
17009,johnmiller154
23748,seanmendez155
15087,michelleduarte156
25314,lisamiller157
16232,gabrielgraham158
18993,jonathanbooker159
12670,jessicaherring160
16652,emilysmith161
20389,christopherthomas162
19810,tanyagutierrez163
20020,ruthpatterson164
20223,jerryrobinson165
22572,jakemathews166
25589,hunterstanley167
16240,kristinafoster168
10465,jasonmurphy169
20738,mariataylor170
11732,breannamerritt171
16089,ianhurley172
13937,josephrobinson173
32587,theodorewagner174
20538,pamelayates175
11623,nicholasburke176
15587,sethgarrison177
26673,michellecooper178
22901,jamesnelson179
13925,joshuahansen180
14810,donnaayala181
18658,edwinrodriguez182
16173,victorreynolds183
14653,seanmorris184
14810,louisarnold185
10189,jayluna186
20025,ryankeith187
18473,craigsmith188
14165,tayloryoung189
22279,davidcox190
22329,veronicataylor191
32454,katherinemelendez192
13603,jamieevans193
10377,jamescarter194
11779,jamessmith195
13908,ambercarson196
20818,brandonbrown197
26242,rachelwilliams198
18473,elizabethpowell199
15855,davidmalone200
11925,tylerwolf201
25949,teresasalazar202
26735,shelbyjoseph203
32676,stevenjones204
17175,amandaallison205
23760,kristinrodriguez206
14268,patrickhutchinson207
18591,stephencrawford208
20505,alisoncooper209
13990,michaelwatson210
27835,christianramirez211
19378,aaronjackson212
24898,dianabentley213
14838,davidweaverdvm214
22352,lauriewilliams215
10102,dominiquereed216
13900,jennifergarcia217
21451,amyshelton218
21946,christopherperry219
10465,christinawinters220
17142,colinhowe221
13675,stacyjones222
19660,stephanieporter223
14254,nicoledurham224
19193,davidfrancis225
18134,haleycummings226
17181,jasondudley227
25415,kimberlywhite228
10664,francisclarke229
22087,michaelmendoza230
18444,robertjones231
12134,kevinsalazar232
17057,michaelbrandt233
24563,markadams234
17369,vincentbrown235
20079,mrs.megandavis236
15113,melissabaker237
16308,mr.kevinphillips238
12346,nicholasmoore239
16894,brianalara240
25661,stevenmorris241
12728,loricooper242
10608,kelseywhite243
12620,jessicahall244
16674,davidhahn245
13825,josephhartmandds246
12014,eileennewton247
12718,matthewharris248
22138,christinahardy249
20558,alexispeck250
17290,andrewfreeman251
14740,johnthomas252
24697,amberpennington253
15764,georgemcmillan254
16769,alexislopez255
15244,royjohnson256
12766,scottjones257
18993,dr.michaelwright258
27925,vincentellis259
11818,stephanieolson260
10664,blakebennett261
17290,ashleysmith262
18326,billstanley263
12968,matthewdudley264
22855,marthadixon265
20216,cathykoch266
18596,sarahcox267
15949,lorihernandez268
17717,patrickgrant269
13852,hollymiller270
13124,charlesadams271
15877,tylerhenderson272
26834,davidmartinez273
16658,christopherhudson274
16783,paulasanders275
23356,francessmith276
21421,peggyhahn277
10150,tinawalton278
22405,robertdavis279
19410,kristenwilliams280
16202,charlesbanks281
12440,jamespena282
27985,williamrussell283
16003,angelawatson284
15096,ronaldkirk285
19942,andrewwhite286
10656,donaldguerrero287
18321,rachelkennedy288
10024,rebekahrios289
21108,jamesthomas290
13857,ianbrewer291
26042,georgechung292
10846,cassandrarose293
10348,julienunez294
22306,madisonoconnor295
28767,codychavez296
23923,marilynjohnson297
20448,ericasullivan298
19641,johnmarshall299
11528,jennaharrell300
10905,alexismendez301
22722,laurasnow302
15112,melissahoward303
17606,lesliebenson304
22711,justinperez305
13354,melissacarr306
24246,phillipbenjamin307
13945,samanthaclarke308
11611,jennifermyers309
16901,jennadiaz310
25239,marissachoi311
12787,troymitchell312
14449,deborahhardy313
10555,shawnwilliams314
18948,blakecooper315
12953,bryanbrown316
17590,cassidyarnold317
20322,jamespatterson318
30612,nathanhall319
13958,davidmartin320
10879,mikaylamorgan321
21526,richardbrown322
14227,rebeccadominguez323
10813,manuelmorris324
23803,tonynunez325
10448,aliciacortez326
11912,colleenford327
25671,angelamcintosh328
18836,brittanyfox329
16934,mr.douglasaguirre330
10018,aliciamorris331
15087,feliciawolf332
24589,tiffanyarcher333
21377,amandaweber334
10491,kimberlylopez335
10234,jamesfinley336
24311,lisaatkinson337
17414,michellewolf338
25310,hannahbishop339
14342,timothycarlson340
23659,briantownsend341
13567,claytonlopez342
12930,dianaweaver343
10990,alyssakeller344
11867,michellenelson345
18097,ronaldjimenez346
9848,jasminegarcia347
12894,stevenbrown348
15869,louissampson349
13381,samuelnguyen350
27564,tiffanyduarte351
19434,ricardoflores352
13547,melaniemcfarland353
10256,jeffreylin354
12763,carrieparker355
18227,douglasparsons356
16698,danielharrington357
15557,codyjohnson358
14152,denniskirk359
18339,annflores360
23920,carolynvelasquez361
18116,kaylasimpson362
23987,michaelbranch363
15889,tiffanyperez364
21285,susansimmons365
14467,autumnvalenzuela366
14670,christinamiles367
16970,kellydelgado368
26964,katiecollins369
10226,charlenerodriguez370
14640,catherineyoung371
16312,lindseygreen372
25693,stephenharris373
18179,johntorres374
10074,derekpena375
13195,ashleywilson376
14950,elizabethsanchez377
16547,markhaas378
15666,thomasjohnson379
23432,thomasswanson380
12449,justingarcia381
14486,adamwilliams382
17389,carrieclark383
18256,heatherscott384
19124,elizabethcantu385
10003,angelawatkins386
20435,jameswhitehead387
19497,mr.johnjohns388
27985,cynthiafreeman389
11408,travisgarcia390
26910,katielogan391
18565,sarasnyder392
11413,susanburnett393
16031,christophergutierrez394
22639,juliashaffer395
13672,jaredharrison396
12152,lesliereeves397
26208,heathermccoy398
21717,haileylogan399
15706,heathermorrison400
23608,duanesmith401
10478,kennethdaniels402
18824,mrs.lisaschultz403
16776,davidwashington404
15723,adammartin405
23037,jackking406
19786,glorianelson407
10134,peteroconnor408
27188,keithhowell409
17488,zacharycarey410
25910,danielhenrydds411
15983,crystalmartinez412
14171,jerryvaughn413
14515,heathermiller414
20829,coreymatthews415
15359,marisawallace416
17338,catherinegonzalez417
25706,josephharris418
17934,juliehurley419
14515,kimberlyedwards420
21655,morganmoore421
17532,josephwilliams422
14995,garyturner423
16440,taylorhuber424
23931,ginaestrada425
11319,michaelthomas426
16263,jenniferpowellmd427
27081,mrs.deannagarciaphd428
15122,taylorbyrd429
22147,suzanneavila430
11526,manuelelliott431
15516,karentran432
18422,tanyamason433
12449,heatherbrooks434
32459,derrickkeith435
20159,andrealee436
14670,alisonpatterson437
20568,jonathanlopez438
13830,davidvillarreal439
15446,katelynmorgan440
25704,melissadavis441
16907,kimsutton442
11066,lynngreen443
11846,saraortiz444
22347,richardschmitt445
22856,brendanfordjr.446
10993,davidkeller447
24414,leahdixon448
11242,margaretnelson449
15112,richardhughes450
22025,danielarmstrong451
14242,larryboyd452
12523,lisafoster453
12439,deborahmoore454
11409,claudiaparks455
14796,craigharris456
19156,teresagraham457
11587,maryfloyd458
12233,sharibentley459
10156,kellylong460
12786,thomasfoster461
17413,elizabethheath462
19870,joelhicks463
11486,kevinsloan464
10227,justinochoa465
17743,jamesford466
27960,kristinjohnson467
21408,ritaowens468
13474,paulmejia469
12807,parkerbeck470
19577,martingibson471
13093,johnherrera472
11321,kaylaacosta473
12233,robertjones474
12248,blakelowery475
17783,davidellisonjr.476
17721,robertbrown477
14524,stevenhinton478
18953,amberthompson479
21825,tiffanyphillips480
11433,kennethsnydermd481
26733,krystalkirk482
14505,melissaking483
16240,alexissteelemd484
13849,lindamassey485
13427,lindabrown486
18120,jordanwallace487
16995,evanlawrence488
20340,davidjordan489
10104,cynthiasparks490
10849,ryandorsey491
24068,sarahallendds492
13986,brycewhite493
15870,mariaallen494
11012,brandondrake495
19233,nicolasbailey496
11765,benjaminwall497
18097,davidhamilton498
22754,michelegarcia499
19009,christiancarter500
22431,josemiller501
10181,mr.stevenhernandez502
25781,alanjefferson503
13872,annadaniels504
11077,derrickcollier505
14792,danamills506
13525,jamesfrancis507
16701,melindasilva508
17009,crystalspencer509
11915,jasonscott510
21411,jeanetterodriguezmd511
21371,barbaralindsey512
15445,barbarareilly513
11487,josephbarrera514
16723,angeladominguez515
24295,tamarafreeman516
16985,arthurmartinez517
10128,anthonycook518
26888,meredithleonard519
16847,cherylgordon520
13636,nicolecoffey521
13949,dianarobles522
15074,tiffanyalexander523
15691,josephshaffer524
24386,williamweber525
20353,sarahtorres526
24540,annameyer527
26025,nicholasmartinez528
27850,christopherthomas529
18674,lauraobrien530
18597,frederickwilliamson531
14816,markblair532
10478,antoniohunter533
17734,sandyjones534
11633,josephberry535
21018,elizabethgray536
16218,georgesmith537
27312,jennifercontreras538
22651,kimberlygardner539
21959,nicolejohnson540
11113,jenniferlin541
11431,dylanrich542
14851,melissaaguirre543
13945,zacharybowers544
17712,victorbrown545
10259,susanrivers546
17077,darlenegarcia547
10932,paulfox548
13738,briancampbell549
21824,crystalhunt550
11494,mathewwilson551
17626,patriciacox552
23113,carlosyang553
27852,noahoneill554
13258,reneedavis555
19841,dylanbowers556
20265,denisebrown557
12385,jamesharris558
15084,jessicameyer559
27532,leeshelton560
10048,brookewagnermd561
16133,johnnelson562
14421,jonathancooper563
21233,robertbrooks564
26852,veronicabenjamin565
26592,timothyfox566
19811,kennethpitts567
14838,brandyfowler568
17440,cherylvalenzuelamd569
28982,catherinetrujillo570
14421,kimberlylong571
16631,amandapearson572
13976,mathewsmith573
17998,michellerobinson574
11315,vincentglass575
20495,luiswerner576
17156,robertbush577
15209,craigbowman578
15087,terryholder579
13093,jenniferberry580
15173,bradleyjones581
13098,markruiz582
24883,meghanshah583
12743,robertgallegos584
24308,lesliebrady585
18233,patrickthomas586
18979,suemason587
26302,kelseyjenkins588
32687,debrasharp589
25275,danielpotts590
20916,johnschneider591
13597,melissamatthews592
19510,davidsmith593
17732,tiffanymontoya594
22743,andreawilson595
18794,miguelmarshall596
11166,sarastewart597
25024,terrymullins598
18777,gregorybeard599
24521,henrycompton600
13212,miacoleman601
16266,samanthamatthewsdds602
10068,jackiebradford603
16502,angelicarodriguez604
14672,susancampbell605
20378,madelinehodge606
16087,davidfarmer607
10144,feliciagreen608
10398,douglaswright609
16906,hollylopez610
12811,joshuamoore611
12347,katherinemartin612
15777,ashleyroberts613
23592,jamesgiles614
22262,sierrachandler615
11413,danielmcbride616
10413,adriennemiller617
13163,lesliekennedy618
18920,lynnnichols619
20825,danielmichael620
12754,dawnwood621
21363,kathleencordova622
18354,reneeford623
24304,karenavila624
17865,michaelwilliams625
21371,jeffreyharris626
15033,guydavis627
13258,kristabaird628
19784,bettyramos629
18501,glennmitchell630
12746,christopherchandler631
26499,kellygomez632
14444,pamelaanthony633
12547,tanyajohnson634
15386,kathleenjacobs635
23838,beverlymcdonald636
21087,robertwilson637
17677,michaelgarcia638
15224,shelbysilva639
19755,deborahskinner640
12436,kimberlysmith641
18771,jasondelacruz642
11633,mr.johnconrad643
17104,jonathanbowen644
16631,kaylaaguirre645
19022,joshuaelliott646
10201,elizabethfranklin647
15357,matthewlevy648
19156,elizabethgarrison649
19702,jeremiahbell650
12455,karenfrazier651
13997,rebeccabrown652
12350,jonathancobb653
16053,jessebradley654
25029,emilywillis655
13186,amymorton656
12828,donnathompson657
11832,mrs.lisabradshaw658
26382,monicabranch659
23788,shawndavis660
10156,melaniewilliams661
19355,michelewatson662
22971,amberlee663
12379,donaldmunoz664
18399,brittneystewart665
21825,lauragarcia666
25293,erikawalsh667
15372,katherinebrooks668
27316,henrywatkins669
24667,sarahcalhoun670
10134,michelletaylor671
