username1,username2
omarhuffman1,juliehurley419
omarhuffman1,kevinsexton95
omarhuffman1,christinahardy249
omarhuffman1,aliciacortez326
omarhuffman1,brittanyfox329
mr.jasonlove2,taylorhuber424
mr.jasonlove2,brandonbrown197
mr.jasonlove2,kristinjohnson467
mr.jasonlove2,lindamassey485
mr.jasonlove2,charlenerodriguez370
mr.jasonlove2,hunterstanley167
angelathompson3,jamesford466
angelathompson3,davidfarmer607
angelathompson3,shelleybooth44
jessicasherman4,jamesnunez39
jessicasherman4,richardhughes450
jessicasherman4,andrealee436
jessicasherman4,johnwiggins62
jessicasherman4,lauriekirk14
oscarharmon5,aliciacortez326
oscarharmon5,samanthaphillips139
oscarharmon5,arthurmartinez517
jessicawilson6,michelleharris38
jessicawilson6,lauriewilliams215
jessicawilson6,lindawhitaker54
jessicawilson6,eileennewton247
jessicawilson6,randyblake96
kylebailey7,parkerbeck470
kylebailey7,tanyasingleton131
kylebailey7,mikaylamorgan321
kylebailey7,robertjones474
kylebailey7,michellewolf338
kylebailey7,jessicaherring160
johnhenderson8,morganmoore421
johnhenderson8,evanlawrence488
johnhenderson8,tanyamason433
johnhenderson8,patrickgrant269
johnhenderson8,jenniferallen46
traceyirwin9,davidmalone200
traceyirwin9,dianabentley213
traceyirwin9,danielharrington357
traceyirwin9,lauragarcia666
margaretallen10,lesliereeves397
margaretallen10,robertbrooks564
margaretallen10,meghanshah583
margaretallen10,michaelmendoza230
margaretallen10,rhondasimonmd41
margaretallen10,peggyhahn277
stacygrant11,manuelelliott431
stacygrant11,garyturner423
stacygrant11,tiffanyduarte351
stacygrant11,johnmarshall299
stacygrant11,susansimmons365
kimbrooks12,davidfarmer607
kimbrooks12,paulasanders275
kimbrooks12,jennifermyers309
kimbrooks12,rebeccabrown652
nicholasbolton13,angelawatkins386
nicholasbolton13,nicolasbailey496
nicholasbolton13,michaelgarcia638
nicholasbolton13,ronaldjimenez346
nicholasbolton13,ritaowens468
nicholasbolton13,christopherhudson274
lauriekirk14,missalexandriajohnsondds116
lauriekirk14,lorihernandez268
lauriekirk14,kellygomez632
lauriekirk14,mathewwilson551
lauriekirk14,toddgonzalez42
angelagarcia15,elizabethfranklin647
angelagarcia15,nicholasrodriguez137
angelagarcia15,kevinhill37
angelagarcia15,lindamccoy134
angelagarcia15,adammartin405
waynesmith16,lesliereeves397
waynesmith16,jakemathews166
waynesmith16,michellenelson345
waynesmith16,jamesfrancis507
dylanrobinson17,ericasullivan298
dylanrobinson17,ricardoflores352
dylanrobinson17,andrewwhite286
dylanrobinson17,ashleysmith262
katiebrown18,matthewharris248
katiebrown18,lauriekirk14
katiebrown18,traciwiggins69
katiebrown18,tammymartinez98
mistywilliams19,annameyer527
mistywilliams19,christinawinters220
mistywilliams19,cherylvalenzuelamd569
mistywilliams19,michaelarnold61
nicoleramsey20,rebeccadominguez323
nicoleramsey20,nicholasrodriguez137
nicoleramsey20,johnthomas252
nicoleramsey20,lesliekennedy618
nicoleramsey20,bettyramos629
williamsmith21,angelagarcia15
williamsmith21,amymorton656
williamsmith21,jessicaherring160
williamsmith21,randallbray47
williamsmith21,billyjohnson119
anthonyespinoza22,kellylong460
anthonyespinoza22,brookewagnermd561
anthonyespinoza22,cynthiafreeman389
anthonyespinoza22,christophergutierrez394
juliacompton23,gregorybeard599
juliacompton23,laurahernandez93
juliacompton23,patrickthomas586
josephchambers24,tamarafreeman516
josephchambers24,hunterstanley167
josephchambers24,teresagraham457
jennifercohen25,seanmorris184
jennifercohen25,kylebailey7
jennifercohen25,travisgarcia390
theodorebarnett26,manuelelliott431
theodorebarnett26,elizabethsanchez377
theodorebarnett26,jordanwallace487
theodorebarnett26,teresagraham457
frankdavis27,samanthaclarke308
frankdavis27,carlosyang553
frankdavis27,elizabethgray536
frankdavis27,lesliebenson304
frankdavis27,briancampbell549
frankdavis27,melissabaker237
michaelstone28,terrymullins598
michaelstone28,melissaking483
michaelstone28,davidmartinez273
michaelstone28,pamelaanthony633
michaelstone28,elizabethcantu385
kathleenschroeder29,timothycarlson340
kathleenschroeder29,claudiaparks455
kathleenschroeder29,donaldguerrero287
kathleenschroeder29,matthewlevy648
aaroncastro30,donnathompson657
aaroncastro30,brandyfowler568
aaroncastro30,jenniferallen46
aaroncastro30,jeremiahbell650
andrewwillis31,elizabethfranklin647
andrewwillis31,jonathanobrien78
andrewwillis31,marissachoi311
angelacarr32,randallbray47
angelacarr32,danamills506
angelacarr32,carlosyang553
angelacarr32,kellymarquez89
angelacarr32,deborahmoore454
cynthiaowens33,danielmcbride616
cynthiaowens33,victorbrown545
cynthiaowens33,christinawinters220
courtneysalinas34,charlesadams271
courtneysalinas34,patrickhutchinson207
courtneysalinas34,davidwashington404
sierrathomas35,susanburnett393
sierrathomas35,johnschneider591
sierrathomas35,christopherthomas162
sierrathomas35,samanthaphillips139
sierrathomas35,brittanyfox329
codylopez36,matthewdudley264
codylopez36,davidellisonjr.476
codylopez36,pamelayates175
kevinhill37,brianweber135
kevinhill37,jameswhitehead387
kevinhill37,jeffreyharris626
kevinhill37,alexismendez301
kevinhill37,paulasanders275
kevinhill37,gabrieldavila48
michelleharris38,aaronjackson212
michelleharris38,dawnwood621
michelleharris38,jonathancobb653
michelleharris38,jenniferberry580
jamesnunez39,kendraharris152
jamesnunez39,williamrussell283
jamesnunez39,lauraobrien530
jamesnunez39,elizabethfranklin647
jamesnunez39,georgemcmillan254
jamesnunez39,ritaowens468
cynthiawilkerson40,lesliebrady585
cynthiawilkerson40,carrieparker355
cynthiawilkerson40,dylanrich542
cynthiawilkerson40,zacharybowers544
cynthiawilkerson40,lesliebenson304
rhondasimonmd41,johnherrera472
rhondasimonmd41,mathewwilson551
rhondasimonmd41,kelseyjenkins588
rhondasimonmd41,stevenwong110
rhondasimonmd41,jackking406
rhondasimonmd41,kennethpitts567
toddgonzalez42,madisonoconnor295
toddgonzalez42,sierrathomas35
toddgonzalez42,blakebennett261
toddgonzalez42,teresagraham457
russellprice43,ryansmith122
russellprice43,troywright147
russellprice43,jeffreymyers141
russellprice43,terryholder579
russellprice43,andrewfreeman251
russellprice43,stevenjones204
shelleybooth44,stephenharris373
shelleybooth44,veronicahall113
shelleybooth44,henrywatkins669
ashleylloyd45,jeremiahbell650
ashleylloyd45,michaelwilliams625
ashleylloyd45,bradleycooper51
ashleylloyd45,juliashaffer395
jenniferallen46,tiffanyarcher333
jenniferallen46,jamesthomas290
jenniferallen46,jamessmith195
randallbray47,sharibentley459
randallbray47,elizabethpowell199
randallbray47,williamrussell283
randallbray47,jeremiahbell650
randallbray47,marthadixon265
randallbray47,meredithleonard519
gabrieldavila48,catherineyoung371
gabrieldavila48,danielmichael620
gabrieldavila48,patriciacox552
gabrieldavila48,jonsmall112
gabrieldavila48,jakemathews166
michaelwilliamson49,tiffanymontoya594
michaelwilliamson49,elizabethheath462
michaelwilliamson49,amyshelton218
michaelwilliamson49,sarahmartinez133
michaelwilliamson49,christopherchandler631
robinsmith50,tinawalton278
robinsmith50,elizabethheath462
robinsmith50,margaretnelson449
robinsmith50,mr.douglasaguirre330
robinsmith50,katielogan391
bradleycooper51,josephwilliams422
bradleycooper51,kristinafoster168
bradleycooper51,matthewlevy648
bradleycooper51,billyjohnson119
erikapearson52,lindamccoy134
erikapearson52,charlesbanks281
erikapearson52,annameyer527
erikapearson52,michaelbrandt233
patriciajohnson53,reneedavis555
patriciajohnson53,carrieclark383
patriciajohnson53,crystallane102
patriciajohnson53,tiffanyarcher333
patriciajohnson53,jamessmith195
patriciajohnson53,dawnwood621
lindawhitaker54,jamespena282
lindawhitaker54,jasondudley227
lindawhitaker54,michellerobinson574
lindawhitaker54,margaretallen10
lindawhitaker54,jeremiahbell650
danielmartin55,williamsmith21
danielmartin55,jamessmith195
danielmartin55,justingarcia381
dr.angelajohnson56,jennifernorton66
dr.angelajohnson56,breannamerritt171
dr.angelajohnson56,glorianelson407
dr.angelajohnson56,susanrivers546
davidarmstrong57,jeanetterodriguezmd511
davidarmstrong57,hannahgarcia153
davidarmstrong57,kevinlee120
michaelhill58,duanesmith401
michaelhill58,dylanrobinson17
michaelhill58,ambercarson196
evelyndixon59,krystalkirk482
evelyndixon59,lynnnichols619
evelyndixon59,jamesnelson179
evelyndixon59,amandaallison205
evelyndixon59,alexissteelemd484
evelyndixon59,robertbrown477
joshuarobinson60,angelamcintosh328
joshuarobinson60,nathanhall319
joshuarobinson60,amberpennington253
joshuarobinson60,amymorton656
michaelarnold61,robinsmith50
michaelarnold61,jennifercohen25
michaelarnold61,jasminegarcia347
johnwiggins62,catherinetrujillo570
johnwiggins62,henrywatkins669
johnwiggins62,donaldguerrero287
sethrobertson63,kristinrodriguez206
sethrobertson63,michelleharris38
sethrobertson63,christinahardy249
sethrobertson63,toddgonzalez42
stephenrogers64,heathermorrison400
stephenrogers64,jeffreylin354
stephenrogers64,kylebailey7
stephenrogers64,jessicahall244
patriciamatthews65,jasondelacruz642
patriciamatthews65,edwinrodriguez182
patriciamatthews65,christopherthomas529
patriciamatthews65,brandonbrown197
patriciamatthews65,teresasalazar202
jennifernorton66,mikaylamorgan321
jennifernorton66,cynthiawilkerson40
jennifernorton66,josephharris418
mariawashington67,andreawilson595
mariawashington67,cynthiasparks490
mariawashington67,jessicaherring160
jordanbrown68,codylopez36
jordanbrown68,evelyndixon59
jordanbrown68,marissachoi311
jordanbrown68,edwinromero80
traciwiggins69,lisaatkinson337
traciwiggins69,maryfloyd458
traciwiggins69,tiffanyalexander523
traciwiggins69,matthewlevy648
traciwiggins69,elizabethfranklin647
sarahjimenez70,jordanwallace487
sarahjimenez70,laurahernandez93
sarahjimenez70,lisajames107
sarahjimenez70,jeremiahbell650
andrestark71,vincentglass575
andrestark71,miacoleman601
andrestark71,johntorres374
andrestark71,tiffanyphillips480
michaelsimmons72,amyfischer77
michaelsimmons72,joshuahansen180
michaelsimmons72,justingarcia381
michaelsimmons72,meghanshah583
michaelsimmons72,carolynvelasquez361
michaelsimmons72,justinperez305
angelarobertson73,davidellisonjr.476
angelarobertson73,johnnymalone90
angelarobertson73,sarahallendds492
angelarobertson73,douglasparsons356
angelarobertson73,patrickhutchinson207
angelarobertson73,julienunez294
christopherhooper74,kellicarney106
christopherhooper74,susancampbell605
christopherhooper74,patriciacox552
christopherhooper74,jamesfinley336
christopherhooper74,royjohnson256
kimwilliams75,katelynmorgan440
kimwilliams75,shawnwilliams314
kimwilliams75,thomasavila125
kimwilliams75,jasonscott510
valeriejackson76,stephanieporter223
valeriejackson76,noahoneill554
valeriejackson76,susansimmons365
valeriejackson76,patriciajohnson53
valeriejackson76,mikaylamorgan321
amyfischer77,susancampbell605
amyfischer77,jennifergarcia217
amyfischer77,michellecooper178
jonathanobrien78,guydavis627
jonathanobrien78,nicholasmoore239
jonathanobrien78,larryboyd452
jonathanobrien78,frederickwilliamson531
jonathanobrien78,edwinrodriguez182
jonathanobrien78,lorihernandez268
hannaharmstrong79,lesliebrady585
hannaharmstrong79,joelhicks463
hannaharmstrong79,alyssakeller344
hannaharmstrong79,samanthaphillips139
hannaharmstrong79,sarastewart597
hannaharmstrong79,crystalhunt550
edwinromero80,nicolecoffey521
edwinromero80,tammymartinez98
edwinromero80,katherinemelendez192
edwinromero80,hollylopez610
edwinromero80,jakemathews166
edwinromero80,larryboyd452
erinjensen81,donnaayala181
erinjensen81,georgejames118
erinjensen81,johnmarshall299
briansmith82,danielpotts590
briansmith82,stephanieporter223
briansmith82,hannaharmstrong79
briansmith82,troymitchell312
briansmith82,waynesmith16
jasonthornton83,deborahhardy313
jasonthornton83,johnswanson149
jasonthornton83,ritaowens468
jasonthornton83,annflores360
daniellester84,emilysmith161
daniellester84,rachelwilliams198
daniellester84,davidmartinez273
daniellester84,michaelbranch363
emmajames85,angeladominguez515
emmajames85,mrs.lisabradshaw658
emmajames85,madelinehodge606
emmajames85,kennethdaniels402
emmajames85,guydavis627
lukemyers86,markblair532
lukemyers86,lesliebrady585
lukemyers86,lindamccoy134
lukemyers86,sarahtorres526
lukemyers86,amandapalmer115
codyschmidt87,angelarobertson73
codyschmidt87,madelinehodge606
codyschmidt87,cynthiagarcia101
codyschmidt87,stacygrant11
codyschmidt87,tiffanyalexander523
codyschmidt87,erikapearson52
scottfreeman88,margaretnelson449
scottfreeman88,jennifergarcia217
scottfreeman88,annflores360
scottfreeman88,michaelgarcia638
scottfreeman88,andrestark71
kellymarquez89,patriciacox552
kellymarquez89,daniellester84
kellymarquez89,jamieevans193
kellymarquez89,davidvillarreal439
johnnymalone90,timothycarlson340
johnnymalone90,randallbray47
johnnymalone90,toddgonzalez42
johnnymalone90,sarahcox267
johnnymalone90,kevinhill37
michaeljohnson91,francessmith276
michaeljohnson91,christopherhudson274
michaeljohnson91,sarahtorres526
michaeljohnson91,georgemcmillan254
michaeljohnson91,suemason587
tiffanypatterson92,louisarnold185
tiffanypatterson92,cynthiaowens33
tiffanypatterson92,walterriddle140
tiffanypatterson92,amberthompson479
laurahernandez93,carlosyang553
laurahernandez93,mr.johnjohns388
laurahernandez93,davidmartin320
laurahernandez93,stephencrawford208
anitamatthews94,oscarharmon5
anitamatthews94,catherinegonzalez417
anitamatthews94,larryboyd452
anitamatthews94,tayloryoung189
anitamatthews94,susanrivers546
kevinsexton95,patrickgrant269
kevinsexton95,josephchambers24
kevinsexton95,stevenmorris241
randyblake96,hannahbishop339
randyblake96,jennifercontreras538
randyblake96,katelynmorgan440
randyblake96,theodorebarnett26
randyblake96,kennethpitts567
laceymadden97,codylopez36
laceymadden97,paulfox548
laceymadden97,kelseyjenkins588
laceymadden97,shelleybooth44
tammymartinez98,robertdavis279
tammymartinez98,dylanrich542
tammymartinez98,dr.angelajohnson56
tammymartinez98,lisaatkinson337
tammymartinez98,michelletaylor671
daviddominguez99,georgechung292
daviddominguez99,veronicataylor191
daviddominguez99,patrickgrant269
daviddominguez99,johnmiller154
aprilmartin100,adammartin405
aprilmartin100,sethgarrison177
aprilmartin100,aliciacortez326
aprilmartin100,alyssakeller344
aprilmartin100,carrieclark383
aprilmartin100,christopherperry219
cynthiagarcia101,barbarareilly513
cynthiagarcia101,christopherthomas162
cynthiagarcia101,danielmcbride616
cynthiagarcia101,mikaylamorgan321
crystallane102,pamelayates175
crystallane102,toddgonzalez42
crystallane102,pamelaanthony633
crystallane102,sierrachandler615
crystallane102,aprilmartin100
kendrahoover103,williamsmith21
kendrahoover103,justinochoa465
kendrahoover103,stephanieolson260
kendrahoover103,heatherscott384
kendrahoover103,teresasalazar202
kendrahoover103,tiffanymontoya594
sabrinaware104,josephharris418
sabrinaware104,alexislopez255
sabrinaware104,lindseygreen372
sabrinaware104,feliciagreen608
sabrinaware104,susancampbell605
clintonspencer105,codyschmidt87
clintonspencer105,catherinegonzalez417
clintonspencer105,ronaldjimenez346
clintonspencer105,karenfrazier651
kellicarney106,nicholasburke176
kellicarney106,jennifermyers309
kellicarney106,debrasharp589
kellicarney106,jamesgiles614
kellicarney106,cathykoch266
kellicarney106,feliciagreen608
lisajames107,tonynunez325
lisajames107,stephanieporter223
lisajames107,rebeccabrown652
theodorelandry108,mrs.lisaschultz403
theodorelandry108,nicolejohnson540
theodorelandry108,angelagarcia15
theodorelandry108,davidellisonjr.476
paulaandersen109,randyblake96
paulaandersen109,jonathanobrien78
paulaandersen109,rebekahrios289
stevenwong110,michellerobinson574
stevenwong110,victorreynolds183
stevenwong110,kellicarney106
stevenrich111,kellicarney106
stevenrich111,jessicaleblanc128
stevenrich111,alyssakeller344
jonsmall112,donnathompson657
jonsmall112,davidellisonjr.476
jonsmall112,lindamassey485
jonsmall112,codyschmidt87
jonsmall112,crystallane102
veronicahall113,robertjones474
veronicahall113,jamesharris558
veronicahall113,ronaldkirk285
veronicahall113,amberthompson479
roysweeney114,bradleyjones581
roysweeney114,toddgonzalez42
roysweeney114,amberlee663
amandapalmer115,heathermccoy398
amandapalmer115,toddgonzalez42
amandapalmer115,codychavez296
amandapalmer115,theodorebarnett26
amandapalmer115,samanthaphillips139
missalexandriajohnsondds116,michellenelson345
missalexandriajohnsondds116,joshuamoore611
missalexandriajohnsondds116,cherylvalenzuelamd569
missalexandriajohnsondds116,heatherscott384
missalexandriajohnsondds116,robertjones474
missalexandriajohnsondds116,michaeljohnson91
robinpierce117,kristabaird628
robinpierce117,angelathompson3
robinpierce117,seanmendez155
robinpierce117,jasonthornton83
georgejames118,duanesmith401
georgejames118,anitamatthews94
georgejames118,michaelhill58
billyjohnson119,davidfrancis225
billyjohnson119,robertbrooks564
billyjohnson119,tylerwolf201
billyjohnson119,sarahcox267
kevinlee120,kristinrodriguez206
kevinlee120,elizabethanderson132
kevinlee120,kaylaaguirre645
kevinlee120,cynthiawilkerson40
erikasanchez121,jackiebradford603
erikasanchez121,brianalara240
erikasanchez121,melindasilva508
erikasanchez121,jessicaleblanc128
ryansmith122,matthewdudley264
ryansmith122,rebeccadominguez323
ryansmith122,brianweber135
ryansmith122,juliehurley419
elizabethgonzalez123,jamesnunez39
elizabethgonzalez123,ruthpatterson164
elizabethgonzalez123,emmajames85
elizabethgonzalez123,christianramirez211
elizabethgonzalez123,patriciacox552
taylormoreno124,miguelmarshall596
taylormoreno124,antoniohunter533
taylormoreno124,brittneystewart665
taylormoreno124,crystalstrong142
thomasavila125,louissampson349
thomasavila125,rhondasimonmd41
thomasavila125,juliehurley419
thomasavila125,beverlymcdonald636
thomasavila125,kathleenschroeder29
thomasavila125,davidjordan489
victoriaschmitt126,sethrobertson63
victoriaschmitt126,vincentbrown235
victoriaschmitt126,jeremiahbell650
jasonpierce127,paulaandersen109
jasonpierce127,maryfloyd458
jasonpierce127,stacygrant11
jasonpierce127,paulfox548
jessicaleblanc128,paulasanders275
jessicaleblanc128,mrs.lisaschultz403
jessicaleblanc128,kristinrodriguez206
jessicaleblanc128,walterriddle140
valerierose129,scottfreeman88
valerierose129,mathewsmith573
valerierose129,kellymarquez89
valerierose129,melissahoward303
valerierose129,lesliekennedy618
cherylsanders130,brittneystewart665
cherylsanders130,clintonspencer105
cherylsanders130,johnmiller154
cherylsanders130,heatherbrooks434
tanyasingleton131,samuelnguyen350
tanyasingleton131,kaylaaguirre645
tanyasingleton131,robertbrooks564
tanyasingleton131,kellydelgado368
tanyasingleton131,phillipbenjamin307
elizabethanderson132,sierrachandler615
elizabethanderson132,andrewwillis31
elizabethanderson132,ryankeith187
elizabethanderson132,frankdavis27
elizabethanderson132,traciwiggins69
elizabethanderson132,annflores360
sarahmartinez133,shelleybooth44
sarahmartinez133,robinsmith50
sarahmartinez133,davidsmith593
sarahmartinez133,hollymiller270
lindamccoy134,josephbarrera514
lindamccoy134,monicabranch659
lindamccoy134,nathanhall319
brianweber135,cherylgordon520
brianweber135,brittanyfox329
brianweber135,cynthiasparks490
nicholasdean136,alyssakeller344
nicholasdean136,ericasullivan298
nicholasdean136,christophersanders144
nicholasdean136,larryboyd452
nicholasdean136,aaroncastro30
nicholasdean136,bradleycooper51
nicholasrodriguez137,randyblake96
nicholasrodriguez137,daniellester84
nicholasrodriguez137,melissabaker237
brandihernandez138,michellewolf338
brandihernandez138,henrywatkins669
brandihernandez138,randallbray47
brandihernandez138,davidmalone200
samanthaphillips139,codylopez36
samanthaphillips139,seanmorris184
samanthaphillips139,elizabethgarrison649
samanthaphillips139,nicoledurham224
samanthaphillips139,waynesmith16
samanthaphillips139,davidfrancis225
walterriddle140,guydavis627
walterriddle140,brittneystewart665
walterriddle140,miguelmarshall596
walterriddle140,sierrachandler615
jeffreymyers141,robertwilson637
jeffreymyers141,davidwashington404
jeffreymyers141,katielogan391
jeffreymyers141,michellecooper178
jeffreymyers141,tiffanymontoya594
crystalstrong142,amandapalmer115
crystalstrong142,davidvillarreal439
crystalstrong142,kristinrodriguez206
alyssaking143,kelseywhite243
alyssaking143,georgesmith537
alyssaking143,laurahernandez93
christophersanders144,tamarafreeman516
christophersanders144,benjaminwall497
christophersanders144,jonathancobb653
christophersanders144,jamespatterson318
christophersanders144,matthewdudley264
garytucker145,kaylaaguirre645
garytucker145,angelamcintosh328
garytucker145,louisarnold185
garytucker145,amyfischer77
garytucker145,taylorhuber424
michaelgibbs146,jamesnelson179
michaelgibbs146,royjohnson256
michaelgibbs146,larryboyd452
michaelgibbs146,kathleenschroeder29
michaelgibbs146,robertbush577
michaelgibbs146,rebekahrios289
troywright147,johnmiller154
troywright147,ashleyroberts613
troywright147,annadaniels504
troywright147,mr.stevenhernandez502
joshuahunter148,josemiller501
joshuahunter148,denniskirk359
joshuahunter148,markhaas378
joshuahunter148,jonathancobb653
joshuahunter148,mrs.deannagarciaphd428
johnswanson149,edwinrodriguez182
johnswanson149,russellprice43
johnswanson149,jessicahall244
johnswanson149,hunterstanley167
johnswanson149,briansmith82
johnswanson149,duanesmith401
benjaminward150,dianabentley213
benjaminward150,angeladominguez515
benjaminward150,roysweeney114
aaronnelson151,hannaharmstrong79
aaronnelson151,christopherchandler631
aaronnelson151,ryansmith122
kendraharris152,aaronnelson151
kendraharris152,meghanshah583
kendraharris152,cynthiawilkerson40
hannahgarcia153,juliehurley419
hannahgarcia153,tamarafreeman516
hannahgarcia153,markruiz582
hannahgarcia153,michaelwatson210
hannahgarcia153,angelamcintosh328
johnmiller154,lynnnichols619
johnmiller154,melaniewilliams661
johnmiller154,jamesnelson179
seanmendez155,manuelmorris324
seanmendez155,katielogan391
seanmendez155,samanthamatthewsdds602
seanmendez155,michelleduarte156
seanmendez155,kimberlywhite228
michelleduarte156,kristinjohnson467
michelleduarte156,mr.douglasaguirre330
michelleduarte156,kevinhill37
michelleduarte156,christophersanders144
michelleduarte156,jamesfrancis507
lisamiller157,jamesnelson179
lisamiller157,brandihernandez138
lisamiller157,jeffreyharris626
lisamiller157,alyssaking143
lisamiller157,sabrinaware104
gabrielgraham158,marissachoi311
gabrielgraham158,lauriekirk14
gabrielgraham158,troymitchell312
gabrielgraham158,oscarharmon5
gabrielgraham158,ronaldjimenez346
jonathanbooker159,sandyjones534
jonathanbooker159,derrickkeith435
jonathanbooker159,aprilmartin100
jessicaherring160,danielmichael620
jessicaherring160,kimbrooks12
jessicaherring160,dianaweaver343
jessicaherring160,danielarmstrong451
jessicaherring160,lindawhitaker54
emilysmith161,paulmejia469
emilysmith161,jeffreyharris626
emilysmith161,daniellester84
emilysmith161,johntorres374
emilysmith161,alexismendez301
emilysmith161,crystalhunt550
christopherthomas162,susancampbell605
christopherthomas162,mr.johnconrad643
christopherthomas162,daviddominguez99
tanyagutierrez163,victorreynolds183
tanyagutierrez163,henrywatkins669
tanyagutierrez163,danielmcbride616
tanyagutierrez163,ambercarson196
ruthpatterson164,crystalhunt550
ruthpatterson164,stevenhinton478
ruthpatterson164,craigharris456
ruthpatterson164,davidarmstrong57
jerryrobinson165,aaronnelson151
jerryrobinson165,thomasswanson380
jerryrobinson165,deborahhardy313
jerryrobinson165,markadams234
jakemathews166,briantownsend341
jakemathews166,matthewharris248
jakemathews166,dianabentley213
jakemathews166,johnswanson149
hunterstanley167,stephenharris373
hunterstanley167,sarahmartinez133
hunterstanley167,danielhenrydds411
hunterstanley167,danielharrington357
hunterstanley167,georgechung292
kristinafoster168,alexismendez301
kristinafoster168,lindamassey485
kristinafoster168,tiffanyalexander523
kristinafoster168,barbarareilly513
kristinafoster168,taylorhuber424
jasonmurphy169,samanthaclarke308
jasonmurphy169,michelewatson662
jasonmurphy169,colleenford327
mariataylor170,saraortiz444
mariataylor170,rhondasimonmd41
mariataylor170,cynthiagarcia101
mariataylor170,rebeccadominguez323
mariataylor170,jennifercohen25
mariataylor170,peggyhahn277
breannamerritt171,stephenrogers64
breannamerritt171,michelleharris38
breannamerritt171,lauragarcia666
breannamerritt171,williamrussell283
breannamerritt171,debrasharp589
ianhurley172,susansimmons365
ianhurley172,roysweeney114
ianhurley172,patriciamatthews65
ianhurley172,angelacarr32
ianhurley172,claytonlopez342
josephrobinson173,derrickcollier505
josephrobinson173,randallbray47
josephrobinson173,jamescarter194
josephrobinson173,brittneystewart665
josephrobinson173,scottfreeman88
theodorewagner174,jeremiahbell650
theodorewagner174,vincentglass575
theodorewagner174,georgesmith537
theodorewagner174,daviddominguez99
theodorewagner174,samuelnguyen350
pamelayates175,brittneystewart665
pamelayates175,parkerbeck470
pamelayates175,tonynunez325
pamelayates175,elizabethgarrison649
pamelayates175,mathewwilson551
nicholasburke176,lorihernandez268
nicholasburke176,christopherchandler631
nicholasburke176,andrealee436
nicholasburke176,jasondudley227
nicholasburke176,robinsmith50
nicholasburke176,tiffanyphillips480
sethgarrison177,michellecooper178
sethgarrison177,jamesthomas290
sethgarrison177,manuelmorris324
sethgarrison177,alisoncooper209
michellecooper178,tamarafreeman516
michellecooper178,stevenrich111
michellecooper178,tiffanyduarte351
jamesnelson179,sabrinaware104
jamesnelson179,robertjones231
jamesnelson179,tiffanyarcher333
joshuahansen180,suemason587
joshuahansen180,jonsmall112
joshuahansen180,ruthpatterson164
donnaayala181,georgesmith537
donnaayala181,valeriejackson76
donnaayala181,justingarcia381
edwinrodriguez182,alisonpatterson437
edwinrodriguez182,michaelstone28
edwinrodriguez182,josephchambers24
edwinrodriguez182,michaelbrandt233
edwinrodriguez182,deborahhardy313
victorreynolds183,ryansmith122
victorreynolds183,noahoneill554
victorreynolds183,danielmcbride616
victorreynolds183,kimsutton442
victorreynolds183,stevenrich111
seanmorris184,sethrobertson63
seanmorris184,sierrathomas35
seanmorris184,michaelsimmons72
louisarnold185,dylanrich542
louisarnold185,eileennewton247
louisarnold185,jamesharris558
louisarnold185,danielmichael620
louisarnold185,josephberry535
jayluna186,kevinhill37
jayluna186,davidarmstrong57
jayluna186,dylanrich542
jayluna186,madisonoconnor295
ryankeith187,samuelnguyen350
ryankeith187,thomasswanson380
ryankeith187,josemiller501
ryankeith187,louissampson349
ryankeith187,patrickhutchinson207
craigsmith188,ryankeith187
craigsmith188,justingarcia381
craigsmith188,jasondudley227
craigsmith188,nicholasbolton13
tayloryoung189,benjaminwall497
tayloryoung189,mr.douglasaguirre330
tayloryoung189,paulasanders275
tayloryoung189,terryholder579
tayloryoung189,robertwilson637
tayloryoung189,davidmartinez273
davidcox190,adamwilliams382
davidcox190,derrickcollier505
davidcox190,kellylong460
veronicataylor191,samanthaphillips139
veronicataylor191,stevenbrown348
veronicataylor191,davidfarmer607
katherinemelendez192,kendrahoover103
katherinemelendez192,jonathanlopez438
katherinemelendez192,shawnwilliams314
jamieevans193,phillipbenjamin307
jamieevans193,teresasalazar202
jamieevans193,georgesmith537
jamieevans193,jerryrobinson165
jamieevans193,lesliekennedy618
jamieevans193,ginaestrada425
jamescarter194,julienunez294
jamescarter194,georgechung292
jamescarter194,cynthiaowens33
jamessmith195,josephberry535
jamessmith195,edwinrodriguez182
jamessmith195,scottjones257
ambercarson196,melindasilva508
ambercarson196,jordanwallace487
ambercarson196,alexismendez301
ambercarson196,rebeccabrown652
brandonbrown197,cherylvalenzuelamd569
brandonbrown197,danielmichael620
brandonbrown197,haleycummings226
rachelwilliams198,patriciajohnson53
rachelwilliams198,rachelkennedy288
rachelwilliams198,sarahcalhoun670
rachelwilliams198,angelicarodriguez604
elizabethpowell199,lisafoster453
elizabethpowell199,dr.angelajohnson56
elizabethpowell199,kelseyjenkins588
elizabethpowell199,ginaestrada425
elizabethpowell199,robertbrooks564
davidmalone200,sarastewart597
davidmalone200,tanyajohnson634
davidmalone200,brittanyfox329
davidmalone200,alexislopez255
davidmalone200,tiffanyalexander523
tylerwolf201,heathermorrison400
tylerwolf201,lesliebenson304
tylerwolf201,danielarmstrong451
tylerwolf201,amymorton656
tylerwolf201,heatherscott384
teresasalazar202,nicholasbolton13
teresasalazar202,matthewlevy648
teresasalazar202,nicolasbailey496
teresasalazar202,robertwilson637
teresasalazar202,stacyjones222
shelbyjoseph203,darlenegarcia547
shelbyjoseph203,lauriewilliams215
shelbyjoseph203,jerryrobinson165
shelbyjoseph203,eileennewton247
shelbyjoseph203,ronaldjimenez346
stevenjones204,madelinehodge606
stevenjones204,kellygomez632
stevenjones204,andrealee436
stevenjones204,michaelsimmons72
amandaallison205,jasminegarcia347
amandaallison205,danielmcbride616
amandaallison205,stevenbrown348
amandaallison205,jackiebradford603
kristinrodriguez206,adammartin405
kristinrodriguez206,josephrobinson173
kristinrodriguez206,patriciamatthews65
patrickhutchinson207,thomasavila125
patrickhutchinson207,crystallane102
patrickhutchinson207,seanmorris184
patrickhutchinson207,christopherhudson274
patrickhutchinson207,thomasfoster461
stephencrawford208,robertjones474
stephencrawford208,lindamccoy134
stephencrawford208,deborahskinner640
alisoncooper209,sabrinaware104
alisoncooper209,stephencrawford208
alisoncooper209,amandaweber334
alisoncooper209,antoniohunter533
alisoncooper209,annadaniels504
michaelwatson210,andrewwhite286
michaelwatson210,marthadixon265
michaelwatson210,jayluna186
michaelwatson210,stevenmorris241
michaelwatson210,leahdixon448
michaelwatson210,garyturner423
christianramirez211,annadaniels504
christianramirez211,anthonycook518
christianramirez211,patrickhutchinson207
christianramirez211,ryansmith122
christianramirez211,christopherperry219
christianramirez211,robertjones474
aaronjackson212,julienunez294
aaronjackson212,gabrielgraham158
aaronjackson212,anthonycook518
aaronjackson212,mr.douglasaguirre330
aaronjackson212,carolynvelasquez361
aaronjackson212,ianhurley172
dianabentley213,ashleywilson376
dianabentley213,sabrinaware104
dianabentley213,nicholasdean136
davidweaverdvm214,stacygrant11
davidweaverdvm214,mrs.megandavis236
davidweaverdvm214,deborahhardy313
lauriewilliams215,terryholder579
lauriewilliams215,denniskirk359
lauriewilliams215,louisarnold185
dominiquereed216,rachelkennedy288
dominiquereed216,theodorelandry108
dominiquereed216,manuelelliott431
dominiquereed216,veronicahall113
dominiquereed216,codyschmidt87
dominiquereed216,davidmartin320
jennifergarcia217,jamescarter194
jennifergarcia217,jamessmith195
jennifergarcia217,aprilmartin100
jennifergarcia217,darlenegarcia547
jennifergarcia217,tiffanyphillips480
jennifergarcia217,theodorebarnett26
amyshelton218,bryanbrown316
amyshelton218,kimbrooks12
amyshelton218,brandihernandez138
amyshelton218,clintonspencer105
christopherperry219,zacharybowers544
christopherperry219,theodorewagner174
christopherperry219,michaelgibbs146
christopherperry219,nicholasmartinez528
christopherperry219,anthonycook518
christopherperry219,pamelayates175
christinawinters220,elizabethheath462
christinawinters220,blakebennett261
christinawinters220,johnmiller154
christinawinters220,maryfloyd458
colinhowe221,williamrussell283
colinhowe221,andreawilson595
colinhowe221,michaelwilliamson49
stacyjones222,christopherhooper74
stacyjones222,maryfloyd458
stacyjones222,michaelgibbs146
stacyjones222,madelinehodge606
stacyjones222,briantownsend341
stacyjones222,patrickthomas586
stephanieporter223,joshuahansen180
stephanieporter223,johnnelson562
stephanieporter223,donnaayala181
nicoledurham224,alexislopez255
nicoledurham224,davidmartin320
nicoledurham224,nathanhall319
nicoledurham224,christophersanders144
nicoledurham224,troymitchell312
davidfrancis225,deborahhardy313
davidfrancis225,kimberlylong571
davidfrancis225,davidsmith593
haleycummings226,jamesharris558
haleycummings226,ryankeith187
haleycummings226,josephberry535
jasondudley227,teresasalazar202
jasondudley227,catherinegonzalez417
jasondudley227,garyturner423
jasondudley227,cassidyarnold317
jasondudley227,aliciamorris331
kimberlywhite228,tonynunez325
kimberlywhite228,stacyjones222
kimberlywhite228,aliciacortez326
kimberlywhite228,samanthaclarke308
francisclarke229,meredithleonard519
francisclarke229,jamessmith195
francisclarke229,jayluna186
francisclarke229,sharibentley459
francisclarke229,josephwilliams422
francisclarke229,davidhahn245
michaelmendoza230,carrieparker355
michaelmendoza230,kendraharris152
michaelmendoza230,kristinrodriguez206
robertjones231,lisaatkinson337
robertjones231,ashleysmith262
robertjones231,samanthaphillips139
robertjones231,alyssaking143
kevinsalazar232,kristinrodriguez206
kevinsalazar232,victorbrown545
kevinsalazar232,manuelelliott431
kevinsalazar232,manuelelliott431
kevinsalazar232,johntorres374
kevinsalazar232,tiffanyduarte351
michaelbrandt233,jonathancooper563
michaelbrandt233,jenniferberry580
michaelbrandt233,frankdavis27
michaelbrandt233,jenniferlin541
markadams234,andrewfreeman251
markadams234,katherinebrooks668
markadams234,tammymartinez98
markadams234,sarahcalhoun670
markadams234,charlenerodriguez370
markadams234,douglasparsons356
vincentbrown235,louissampson349
vincentbrown235,georgemcmillan254
vincentbrown235,tiffanyphillips480
vincentbrown235,erikawalsh667
vincentbrown235,kevinsloan464
mrs.megandavis236,danielmartin55
mrs.megandavis236,monicabranch659
mrs.megandavis236,michaelbrandt233
mrs.megandavis236,sarahcox267
mrs.megandavis236,susanburnett393
melissabaker237,jonathanobrien78
melissabaker237,jakemathews166
melissabaker237,reneeford623
melissabaker237,jessicasherman4
melissabaker237,jennifermyers309
mr.kevinphillips238,kaylaaguirre645
mr.kevinphillips238,sierrathomas35
mr.kevinphillips238,davidhamilton498
nicholasmoore239,jamesnelson179
nicholasmoore239,jamesharris558
nicholasmoore239,matthewdudley264
nicholasmoore239,monicabranch659
brianalara240,davidsmith593
brianalara240,tiffanyduarte351
brianalara240,karentran432
stevenmorris241,nicholasdean136
stevenmorris241,jasonthornton83
stevenmorris241,alyssakeller344
stevenmorris241,lesliebrady585
stevenmorris241,kevinsloan464
loricooper242,travisgarcia390
loricooper242,codychavez296
loricooper242,jennifermyers309
kelseywhite243,stephanieolson260
kelseywhite243,jamesgiles614
kelseywhite243,kimwilliams75
kelseywhite243,josephharris418
kelseywhite243,aaroncastro30
jessicahall244,amandaweber334
jessicahall244,tamarafreeman516
jessicahall244,timothyfox566
davidhahn245,ritaowens468
davidhahn245,paulfox548
davidhahn245,amberpennington253
josephhartmandds246,annadaniels504
josephhartmandds246,aaronjackson212
josephhartmandds246,johnthomas252
josephhartmandds246,derrickcollier505
josephhartmandds246,traciwiggins69
josephhartmandds246,suzanneavila430
eileennewton247,alanjefferson503
eileennewton247,kimberlylopez335
eileennewton247,crystalmartinez412
eileennewton247,stevenhinton478
eileennewton247,crystalspencer509
eileennewton247,robertgallegos584
matthewharris248,francessmith276
matthewharris248,tiffanymontoya594
matthewharris248,saraortiz444
matthewharris248,tiffanymontoya594
matthewharris248,jasonscott510
matthewharris248,pamelayates175
christinahardy249,mariawashington67
christinahardy249,heathermorrison400
christinahardy249,clintonspencer105
christinahardy249,ruthpatterson164
alexispeck250,ginaestrada425
alexispeck250,jasondudley227
alexispeck250,tanyamason433
andrewfreeman251,jennifernorton66
andrewfreeman251,markhaas378
andrewfreeman251,deborahhardy313
andrewfreeman251,jessicaherring160
andrewfreeman251,josemiller501
andrewfreeman251,johnhenderson8
johnthomas252,kevinsalazar232
johnthomas252,davidsmith593
johnthomas252,jessicahall244
johnthomas252,cherylvalenzuelamd569
johnthomas252,tanyagutierrez163
amberpennington253,miacoleman601
amberpennington253,ambercarson196
amberpennington253,derekpena375
amberpennington253,sandyjones534
georgemcmillan254,christiancarter500
georgemcmillan254,kevinhill37
georgemcmillan254,aaronnelson151
alexislopez255,jeffreylin354
alexislopez255,kimwilliams75
alexislopez255,alisoncooper209
alexislopez255,manuelelliott431
alexislopez255,jamesford466
alexislopez255,kelseyjenkins588
royjohnson256,cassidyarnold317
royjohnson256,mikaylamorgan321
royjohnson256,carrieparker355
scottjones257,jennifermyers309
scottjones257,davidvillarreal439
scottjones257,kevinsexton95
scottjones257,kellicarney106
scottjones257,madelinehodge606
scottjones257,davidsmith593
dr.michaelwright258,jamesgiles614
dr.michaelwright258,danielharrington357
dr.michaelwright258,troymitchell312
dr.michaelwright258,christophergutierrez394
dr.michaelwright258,ronaldjimenez346
dr.michaelwright258,angelawatkins386
vincentellis259,hannahbishop339
vincentellis259,shawnwilliams314
vincentellis259,robertwilson637
stephanieolson260,kimberlyedwards420
stephanieolson260,nathanhall319
stephanieolson260,patrickgrant269
stephanieolson260,alexispeck250
stephanieolson260,lisajames107
stephanieolson260,mathewwilson551
blakebennett261,mr.johnconrad643
blakebennett261,barbarareilly513
blakebennett261,michelewatson662
ashleysmith262,josephbarrera514
ashleysmith262,angelawatkins386
ashleysmith262,brandyfowler568
ashleysmith262,michaelwilliamson49
billstanley263,andrewwillis31
billstanley263,williamweber525
billstanley263,sharibentley459
billstanley263,theodorewagner174
billstanley263,christinawinters220
matthewdudley264,johnmarshall299
matthewdudley264,michelletaylor671
matthewdudley264,davidsmith593
matthewdudley264,rachelkennedy288
matthewdudley264,alexismendez301
marthadixon265,davidfarmer607
marthadixon265,jasondudley227
marthadixon265,leahdixon448
marthadixon265,samanthamatthewsdds602
marthadixon265,heathermiller414
marthadixon265,parkerbeck470
cathykoch266,nicholasbolton13
cathykoch266,leahdixon448
cathykoch266,kevinsloan464
cathykoch266,paulmejia469
cathykoch266,stephanieporter223
cathykoch266,sethgarrison177
sarahcox267,laurasnow302
sarahcox267,johntorres374
sarahcox267,loricooper242
sarahcox267,danielarmstrong451
lorihernandez268,benjaminward150
lorihernandez268,lauriekirk14
lorihernandez268,timothycarlson340
lorihernandez268,davidsmith593
lorihernandez268,tiffanypatterson92
patrickgrant269,rebeccadominguez323
patrickgrant269,francisclarke229
patrickgrant269,cynthiasparks490
hollymiller270,sarahtorres526
hollymiller270,michaelbranch363
hollymiller270,annameyer527
hollymiller270,josephhartmandds246
hollymiller270,dianabentley213
charlesadams271,michaelstone28
charlesadams271,seanmendez155
charlesadams271,angelawatson284
charlesadams271,daviddominguez99
tylerhenderson272,craigbowman578
tylerhenderson272,cynthiafreeman389
tylerhenderson272,williamsmith21
tylerhenderson272,lindawhitaker54
tylerhenderson272,christinahardy249
davidmartinez273,catherineyoung371
davidmartinez273,kellylong460
davidmartinez273,tiffanymontoya594
christopherhudson274,christopherchandler631
christopherhudson274,marissachoi311
christopherhudson274,christopherchandler631
christopherhudson274,jonathancooper563
christopherhudson274,johnnelson562
paulasanders275,jasondudley227
paulasanders275,charlesbanks281
paulasanders275,robertwilson637
paulasanders275,autumnvalenzuela366
paulasanders275,juliehurley419
francessmith276,tamarafreeman516
francessmith276,henrywatkins669
francessmith276,michaelwilliams625
francessmith276,randyblake96
francessmith276,catherinegonzalez417
peggyhahn277,vincentglass575
peggyhahn277,josephharris418
peggyhahn277,alanjefferson503
peggyhahn277,donaldmunoz664
peggyhahn277,terryholder579
peggyhahn277,timothyfox566
tinawalton278,courtneysalinas34
tinawalton278,johntorres374
tinawalton278,joelhicks463
tinawalton278,annflores360
robertdavis279,cynthiagarcia101
robertdavis279,stacygrant11
robertdavis279,eileennewton247
kristenwilliams280,nicolasbailey496
kristenwilliams280,kendrahoover103
kristenwilliams280,laurahernandez93
kristenwilliams280,alisoncooper209
charlesbanks281,jerryrobinson165
charlesbanks281,jaredharrison396
charlesbanks281,heatherscott384
charlesbanks281,johnhenderson8
jamespena282,davidhahn245
jamespena282,haileylogan399
jamespena282,barbaralindsey512
jamespena282,davidjordan489
jamespena282,bradleycooper51
williamrussell283,jeremiahbell650
williamrussell283,christopherhudson274
williamrussell283,alexislopez255
angelawatson284,josephhartmandds246
angelawatson284,henrycompton600
angelawatson284,claytonlopez342
angelawatson284,jamesthomas290
ronaldkirk285,craigharris456
ronaldkirk285,mrs.lisaschultz403
ronaldkirk285,teresasalazar202
ronaldkirk285,veronicataylor191
ronaldkirk285,meghanshah583
andrewwhite286,taylorbyrd429
andrewwhite286,kaylasimpson362
andrewwhite286,danielharrington357
donaldguerrero287,kellymarquez89
donaldguerrero287,randallbray47
donaldguerrero287,jamessmith195
donaldguerrero287,markruiz582
donaldguerrero287,angelarobertson73
rachelkennedy288,emmajames85
rachelkennedy288,alexissteelemd484
rachelkennedy288,lisajames107
rachelkennedy288,jamessmith195
rachelkennedy288,miguelmarshall596
rachelkennedy288,miguelmarshall596
rebekahrios289,johnnymalone90
rebekahrios289,jonathanbowen644
rebekahrios289,briansmith82
jamesthomas290,coreymatthews415
jamesthomas290,carlosyang553
jamesthomas290,charlesbanks281
jamesthomas290,tanyagutierrez163
jamesthomas290,amyfischer77
jamesthomas290,tonynunez325
ianbrewer291,christinahardy249
ianbrewer291,davidcox190
ianbrewer291,jeffreyharris626
georgechung292,codyschmidt87
georgechung292,donnathompson657
georgechung292,reneeford623
cassandrarose293,amyshelton218
cassandrarose293,johnschneider591
cassandrarose293,katiecollins369
cassandrarose293,jennifergarcia217
cassandrarose293,angelagarcia15
julienunez294,rebeccabrown652
julienunez294,laurasnow302
julienunez294,georgemcmillan254
julienunez294,anitamatthews94
julienunez294,kimberlygardner539
madisonoconnor295,barbaralindsey512
madisonoconnor295,jonathanbooker159
madisonoconnor295,theodorewagner174
madisonoconnor295,jennifercontreras538
madisonoconnor295,michelleduarte156
madisonoconnor295,joshuaelliott646
codychavez296,mrs.lisabradshaw658
codychavez296,lesliereeves397
codychavez296,amandaallison205
marilynjohnson297,jordanwallace487
marilynjohnson297,michaelwatson210
marilynjohnson297,jennadiaz310
ericasullivan298,jasondudley227
ericasullivan298,codyschmidt87
ericasullivan298,jasonscott510
johnmarshall299,jessicaherring160
johnmarshall299,markruiz582
johnmarshall299,katielogan391
jennaharrell300,ashleysmith262
jennaharrell300,miguelmarshall596
jennaharrell300,danielmcbride616
jennaharrell300,melissadavis441
jennaharrell300,josephshaffer524
alexismendez301,johnnelson562
alexismendez301,brendanfordjr.446
alexismendez301,johnmiller154
alexismendez301,georgesmith537
alexismendez301,stevenbrown348
laurasnow302,adammartin405
laurasnow302,valeriejackson76
laurasnow302,donnathompson657
melissahoward303,nicholasdean136
melissahoward303,kristenwilliams280
melissahoward303,robertbush577
melissahoward303,alexislopez255
melissahoward303,codyschmidt87
melissahoward303,stephanieporter223
lesliebenson304,patrickhutchinson207
lesliebenson304,josephharris418
lesliebenson304,kristinafoster168
lesliebenson304,miguelmarshall596
justinperez305,martingibson471
justinperez305,davidmartinez273
justinperez305,keithhowell409
justinperez305,elizabethgray536
melissacarr306,johnschneider591
melissacarr306,oscarharmon5
melissacarr306,ritaowens468
melissacarr306,kimberlyedwards420
melissacarr306,andreawilson595
phillipbenjamin307,jackiebradford603
phillipbenjamin307,josephchambers24
phillipbenjamin307,donaldguerrero287
phillipbenjamin307,timothyfox566
phillipbenjamin307,jennaharrell300
phillipbenjamin307,kimberlylopez335
samanthaclarke308,hunterstanley167
samanthaclarke308,lesliebenson304
samanthaclarke308,johnschneider591
samanthaclarke308,stevenhinton478
samanthaclarke308,jordanwallace487
jennifermyers309,thomasjohnson379
jennifermyers309,michelleduarte156
jennifermyers309,stevenjones204
jennifermyers309,denniskirk359
jennadiaz310,jameswhitehead387
jennadiaz310,sarahcalhoun670
jennadiaz310,bettyramos629
marissachoi311,lindseygreen372
marissachoi311,randallbray47
marissachoi311,sharibentley459
troymitchell312,susanburnett393
troymitchell312,michaelarnold61
troymitchell312,paulfox548
deborahhardy313,lesliereeves397
deborahhardy313,danamills506
deborahhardy313,katiecollins369
deborahhardy313,frederickwilliamson531
deborahhardy313,jonathancobb653
shawnwilliams314,arthurmartinez517
shawnwilliams314,amandapalmer115
shawnwilliams314,crystalstrong142
shawnwilliams314,rebeccadominguez323
blakecooper315,davidmartin320
blakecooper315,nicholasdean136
blakecooper315,victorbrown545
blakecooper315,kathleenschroeder29
bryanbrown316,kimberlylopez335
bryanbrown316,erikapearson52
bryanbrown316,kelseywhite243
bryanbrown316,ronaldkirk285
cassidyarnold317,matthewdudley264
cassidyarnold317,christopherhudson274
cassidyarnold317,davidmartinez273
cassidyarnold317,danielpotts590
jamespatterson318,codyjohnson358
jamespatterson318,lauriewilliams215
jamespatterson318,ashleyroberts613
nathanhall319,andrewfreeman251
nathanhall319,codyschmidt87
nathanhall319,tammymartinez98
nathanhall319,nicholasmartinez528
davidmartin320,carolynvelasquez361
davidmartin320,nicoledurham224
davidmartin320,adriennemiller617
mikaylamorgan321,georgejames118
mikaylamorgan321,michaelbranch363
mikaylamorgan321,ashleylloyd45
richardbrown322,ricardoflores352
richardbrown322,danielharrington357
richardbrown322,christinahardy249
rebeccadominguez323,colinhowe221
rebeccadominguez323,heathermorrison400
rebeccadominguez323,nicolasbailey496
rebeccadominguez323,reneeford623
rebeccadominguez323,kellicarney106
rebeccadominguez323,kathleenjacobs635
manuelmorris324,jamesfrancis507
manuelmorris324,walterriddle140
manuelmorris324,vincentglass575
manuelmorris324,davidmalone200
tonynunez325,jamesfrancis507
tonynunez325,jonathanlopez438
tonynunez325,timothyfox566
tonynunez325,sharibentley459
tonynunez325,lesliebenson304
tonynunez325,andrewwillis31
aliciacortez326,josephbarrera514
aliciacortez326,evelyndixon59
aliciacortez326,catherinetrujillo570
aliciacortez326,gabrielgraham158
colleenford327,brandihernandez138
colleenford327,coreymatthews415
colleenford327,lindawhitaker54
colleenford327,mrs.megandavis236
colleenford327,angelawatson284
colleenford327,nicholasdean136
angelamcintosh328,davidmartinez273
angelamcintosh328,rebeccabrown652
angelamcintosh328,karenavila624
angelamcintosh328,jenniferberry580
angelamcintosh328,stevenbrown348
brittanyfox329,reneedavis555
brittanyfox329,troymitchell312
brittanyfox329,keithhowell409
brittanyfox329,sarahmartinez133
mr.douglasaguirre330,tiffanymontoya594
mr.douglasaguirre330,mr.douglasaguirre330
mr.douglasaguirre330,lisafoster453
mr.douglasaguirre330,joshuahansen180
mr.douglasaguirre330,jennadiaz310
aliciamorris331,christopherchandler631
aliciamorris331,kelseyjenkins588
aliciamorris331,glorianelson407
aliciamorris331,davidwashington404
aliciamorris331,jessicawilson6
aliciamorris331,laurasnow302
feliciawolf332,codyjohnson358
feliciawolf332,andrewfreeman251
feliciawolf332,danielmichael620
feliciawolf332,michellewolf338
tiffanyarcher333,maryfloyd458
tiffanyarcher333,johnswanson149
tiffanyarcher333,ricardoflores352
tiffanyarcher333,jenniferallen46
amandaweber334,susancampbell605
amandaweber334,aaroncastro30
amandaweber334,davidfarmer607
amandaweber334,evelyndixon59
kimberlylopez335,matthewharris248
kimberlylopez335,emilywillis655
kimberlylopez335,sarahallendds492
kimberlylopez335,blakebennett261
kimberlylopez335,davidmalone200
kimberlylopez335,courtneysalinas34
jamesfinley336,randyblake96
jamesfinley336,kristabaird628
jamesfinley336,margaretnelson449
lisaatkinson337,donnaayala181
lisaatkinson337,johnnymalone90
lisaatkinson337,justinochoa465
lisaatkinson337,michaelhill58
lisaatkinson337,theodorelandry108
lisaatkinson337,kendraharris152
michellewolf338,scottfreeman88
michellewolf338,leeshelton560
michellewolf338,anitamatthews94
michellewolf338,benjaminwall497
hannahbishop339,stephencrawford208
hannahbishop339,amberpennington253
hannahbishop339,matthewharris248
hannahbishop339,kimsutton442
timothycarlson340,thomasavila125
timothycarlson340,roysweeney114
timothycarlson340,michellerobinson574
briantownsend341,timothycarlson340
briantownsend341,michaelwilliams625
briantownsend341,jessicahall244
briantownsend341,paulmejia469
briantownsend341,sierrathomas35
claytonlopez342,luiswerner576
claytonlopez342,margaretallen10
claytonlopez342,christiancarter500
claytonlopez342,barbaralindsey512
dianaweaver343,jenniferberry580
dianaweaver343,theodorebarnett26
dianaweaver343,stephenrogers64
dianaweaver343,christianramirez211
dianaweaver343,melissahoward303
dianaweaver343,marilynjohnson297
alyssakeller344,ashleysmith262
alyssakeller344,jamesfinley336
alyssakeller344,shawndavis660
alyssakeller344,dr.michaelwright258
alyssakeller344,sarahcalhoun670
alyssakeller344,craigsmith188
michellenelson345,dylanrich542
michellenelson345,michaelthomas426
michellenelson345,parkerbeck470
ronaldjimenez346,mr.stevenhernandez502
ronaldjimenez346,ricardoflores352
ronaldjimenez346,tiffanyperez364
ronaldjimenez346,lesliekennedy618
jasminegarcia347,michellecooper178
jasminegarcia347,taylormoreno124
jasminegarcia347,heathermorrison400
jasminegarcia347,markhaas378
jasminegarcia347,mariaallen494
jasminegarcia347,jaredharrison396
stevenbrown348,marisawallace416
stevenbrown348,michaelwilliams625
stevenbrown348,carrieparker355
stevenbrown348,douglasparsons356
stevenbrown348,katherinebrooks668
stevenbrown348,christinawinters220
louissampson349,kellydelgado368
louissampson349,brandihernandez138
louissampson349,nicolecoffey521
louissampson349,ruthpatterson164
louissampson349,davidhahn245
louissampson349,timothyfox566
samuelnguyen350,christopherhudson274
samuelnguyen350,alexismendez301
samuelnguyen350,cassidyarnold317
samuelnguyen350,jenniferlin541
samuelnguyen350,davidcox190
tiffanyduarte351,tylerhenderson272
tiffanyduarte351,mrs.megandavis236
tiffanyduarte351,erikapearson52
tiffanyduarte351,dylanrobinson17
ricardoflores352,annadaniels504
ricardoflores352,valeriejackson76
ricardoflores352,shelbyjoseph203
melaniemcfarland353,kimberlygardner539
melaniemcfarland353,ianbrewer291
melaniemcfarland353,kennethdaniels402
melaniemcfarland353,amyfischer77
melaniemcfarland353,alexismendez301
melaniemcfarland353,barbarareilly513
jeffreylin354,meredithleonard519
jeffreylin354,joshuahunter148
jeffreylin354,heatherscott384
jeffreylin354,dylanbowers556
jeffreylin354,josephwilliams422
carrieparker355,donnaayala181
carrieparker355,derrickcollier505
carrieparker355,craigsmith188
douglasparsons356,reneeford623
douglasparsons356,victorbrown545
douglasparsons356,michellenelson345
danielharrington357,charlesbanks281
danielharrington357,tanyajohnson634
danielharrington357,kennethsnydermd481
danielharrington357,alisonpatterson437
danielharrington357,kellicarney106
codyjohnson358,nicolasbailey496
codyjohnson358,michaelwatson210
codyjohnson358,evanlawrence488
codyjohnson358,annflores360
denniskirk359,nicoledurham224
denniskirk359,markadams234
denniskirk359,mrs.megandavis236
denniskirk359,kelseywhite243
denniskirk359,oscarharmon5
denniskirk359,lesliebrady585
annflores360,williamsmith21
annflores360,joshuahunter148
annflores360,miguelmarshall596
annflores360,sarahcalhoun670
carolynvelasquez361,susancampbell605
carolynvelasquez361,colinhowe221
carolynvelasquez361,nicholasdean136
carolynvelasquez361,shelbysilva639
carolynvelasquez361,jasondelacruz642
kaylasimpson362,peggyhahn277
kaylasimpson362,angelathompson3
kaylasimpson362,aaronjackson212
kaylasimpson362,erikawalsh667
michaelbranch363,kaylaaguirre645
michaelbranch363,ronaldkirk285
michaelbranch363,georgechung292
michaelbranch363,alisoncooper209
michaelbranch363,ryandorsey491
tiffanyperez364,codyschmidt87
tiffanyperez364,jenniferpowellmd427
tiffanyperez364,kathleenschroeder29
tiffanyperez364,heathermorrison400
susansimmons365,robinsmith50
susansimmons365,erikasanchez121
susansimmons365,emmajames85
susansimmons365,kimberlylong571
susansimmons365,jeremiahbell650
autumnvalenzuela366,melissacarr306
autumnvalenzuela366,mariataylor170
autumnvalenzuela366,davidsmith593
autumnvalenzuela366,brookewagnermd561
christinamiles367,breannamerritt171
christinamiles367,johnmiller154
christinamiles367,ricardoflores352
christinamiles367,christianramirez211
christinamiles367,jamesnelson179
christinamiles367,breannamerritt171
kellydelgado368,jamesfinley336
kellydelgado368,brianalara240
kellydelgado368,laurasnow302
katiecollins369,andrewwhite286
katiecollins369,paulfox548
katiecollins369,brianweber135
charlenerodriguez370,melissaking483
charlenerodriguez370,stephenrogers64
charlenerodriguez370,brycewhite493
charlenerodriguez370,patriciamatthews65
charlenerodriguez370,jasonpierce127
charlenerodriguez370,ritaowens468
catherineyoung371,mr.johnjohns388
catherineyoung371,katielogan391
catherineyoung371,deborahhardy313
catherineyoung371,derekpena375
lindseygreen372,tanyajohnson634
lindseygreen372,karenavila624
lindseygreen372,davidwashington404
lindseygreen372,kaylaaguirre645
lindseygreen372,andrewwillis31
stephenharris373,deborahhardy313
stephenharris373,michaelgarcia638
stephenharris373,laurasnow302
stephenharris373,carrieparker355
johntorres374,leahdixon448
johntorres374,julienunez294
johntorres374,carolynvelasquez361
johntorres374,lisafoster453
derekpena375,williamsmith21
derekpena375,jennifercohen25
derekpena375,christopherhooper74
derekpena375,danielmcbride616
derekpena375,kellydelgado368
ashleywilson376,michaelgibbs146
ashleywilson376,elizabethanderson132
ashleywilson376,adamwilliams382
ashleywilson376,christopherthomas529
ashleywilson376,martingibson471
ashleywilson376,clintonspencer105
elizabethsanchez377,aaroncastro30
elizabethsanchez377,missalexandriajohnsondds116
elizabethsanchez377,lindseygreen372
elizabethsanchez377,shawnwilliams314
elizabethsanchez377,henrywatkins669
elizabethsanchez377,jenniferberry580
markhaas378,davidmalone200
markhaas378,jessicahall244
markhaas378,amberpennington253
markhaas378,terrymullins598
markhaas378,henrycompton600
markhaas378,kimberlywhite228
thomasjohnson379,seanmorris184
thomasjohnson379,robinsmith50
thomasjohnson379,garytucker145
thomasjohnson379,samanthamatthewsdds602
thomasswanson380,marilynjohnson297
thomasswanson380,michelewatson662
thomasswanson380,deborahmoore454
thomasswanson380,alexispeck250
justingarcia381,kylebailey7
justingarcia381,shawnwilliams314
justingarcia381,kennethsnydermd481
justingarcia381,tanyamason433
justingarcia381,benjaminwall497
justingarcia381,briancampbell549
adamwilliams382,alisoncooper209
adamwilliams382,erikapearson52
adamwilliams382,samanthamatthewsdds602
adamwilliams382,davidkeller447
adamwilliams382,amandapalmer115
adamwilliams382,garyturner423
carrieclark383,christiancarter500
carrieclark383,carrieparker355
carrieclark383,jeanetterodriguezmd511
carrieclark383,stevenhinton478
carrieclark383,williamsmith21
heatherscott384,davidellisonjr.476
heatherscott384,annameyer527
heatherscott384,jamesford466
heatherscott384,hannaharmstrong79
heatherscott384,dawnwood621
heatherscott384,jennadiaz310
elizabethcantu385,christinamiles367
elizabethcantu385,autumnvalenzuela366
elizabethcantu385,joshuaelliott646
elizabethcantu385,patrickgrant269
elizabethcantu385,kathleenjacobs635
elizabethcantu385,kennethdaniels402
angelawatkins386,juliacompton23
angelawatkins386,nicholasbolton13
angelawatkins386,hollylopez610
angelawatkins386,daviddominguez99
angelawatkins386,tiffanypatterson92
jameswhitehead387,laceymadden97
jameswhitehead387,mrs.lisabradshaw658
jameswhitehead387,justinochoa465
jameswhitehead387,jenniferpowellmd427
mr.johnjohns388,thomasswanson380
mr.johnjohns388,rachelwilliams198
mr.johnjohns388,josemiller501
mr.johnjohns388,tiffanyperez364
cynthiafreeman389,garytucker145
cynthiafreeman389,marissachoi311
cynthiafreeman389,jamescarter194
cynthiafreeman389,stevenmorris241
cynthiafreeman389,henrycompton600
cynthiafreeman389,tylerhenderson272
travisgarcia390,omarhuffman1
travisgarcia390,stacygrant11
travisgarcia390,kristabaird628
travisgarcia390,billstanley263
katielogan391,brycewhite493
katielogan391,tiffanypatterson92
katielogan391,michaelbranch363
katielogan391,jenniferpowellmd427
katielogan391,dylanrich542
sarasnyder392,tanyasingleton131
sarasnyder392,leahdixon448
sarasnyder392,robertwilson637
sarasnyder392,kellydelgado368
susanburnett393,courtneysalinas34
susanburnett393,valeriejackson76
susanburnett393,michaelgibbs146
christophergutierrez394,kelseyjenkins588
christophergutierrez394,danielpotts590
christophergutierrez394,cassidyarnold317
christophergutierrez394,jamespena282
christophergutierrez394,michelletaylor671
juliashaffer395,mariawashington67
juliashaffer395,eileennewton247
juliashaffer395,erinjensen81
juliashaffer395,jamescarter194
jaredharrison396,barbaralindsey512
jaredharrison396,kellicarney106
jaredharrison396,noahoneill554
jaredharrison396,lisajames107
jaredharrison396,katiebrown18
lesliereeves397,davidarmstrong57
lesliereeves397,kennethpitts567
lesliereeves397,adammartin405
heathermccoy398,teresasalazar202
heathermccoy398,jamieevans193
heathermccoy398,vincentbrown235
heathermccoy398,davidmartinez273
heathermccoy398,tylerwolf201
heathermccoy398,debrasharp589
haileylogan399,melissahoward303
haileylogan399,kimberlylopez335
haileylogan399,sarahcalhoun670
haileylogan399,andrewwillis31
heathermorrison400,davidmartin320
heathermorrison400,ronaldkirk285
heathermorrison400,johnnelson562
heathermorrison400,ruthpatterson164
heathermorrison400,jessebradley654
heathermorrison400,manuelmorris324
duanesmith401,alyssakeller344
duanesmith401,ryansmith122
duanesmith401,lisafoster453
duanesmith401,parkerbeck470
kennethdaniels402,christopherhooper74
kennethdaniels402,sarahcalhoun670
kennethdaniels402,antoniohunter533
kennethdaniels402,vincentbrown235
kennethdaniels402,crystalmartinez412
kennethdaniels402,margaretallen10
mrs.lisaschultz403,johnwiggins62
mrs.lisaschultz403,daviddominguez99
mrs.lisaschultz403,danielharrington357
mrs.lisaschultz403,suzanneavila430
mrs.lisaschultz403,jessicaherring160
mrs.lisaschultz403,michaelgibbs146
davidwashington404,danielmartin55
davidwashington404,tanyasingleton131
davidwashington404,brianalara240
adammartin405,taylorbyrd429
adammartin405,aliciamorris331
adammartin405,douglasparsons356
adammartin405,danamills506
adammartin405,karenfrazier651
jackking406,traciwiggins69
jackking406,cherylsanders130
jackking406,frederickwilliamson531
jackking406,richardhughes450
glorianelson407,amandaweber334
glorianelson407,brandihernandez138
glorianelson407,mr.kevinphillips238
glorianelson407,jamieevans193
peteroconnor408,robertbush577
peteroconnor408,robertbrooks564
peteroconnor408,laurasnow302
peteroconnor408,tanyamason433
keithhowell409,amandaweber334
keithhowell409,williamweber525
keithhowell409,lynngreen443
zacharycarey410,hannahgarcia153
zacharycarey410,derekpena375
zacharycarey410,shelbyjoseph203
zacharycarey410,jamesthomas290
zacharycarey410,justingarcia381
danielhenrydds411,christinamiles367
danielhenrydds411,tiffanyarcher333
danielhenrydds411,kathleenschroeder29
danielhenrydds411,carlosyang553
crystalmartinez412,kimsutton442
crystalmartinez412,donaldmunoz664
crystalmartinez412,joshuarobinson60
crystalmartinez412,timothyfox566
jerryvaughn413,angelarobertson73
jerryvaughn413,derrickcollier505
jerryvaughn413,danielpotts590
jerryvaughn413,kimberlygardner539
jerryvaughn413,hollymiller270
jerryvaughn413,michelleharris38
heathermiller414,julienunez294
heathermiller414,stephenrogers64
heathermiller414,christinahardy249
heathermiller414,sethgarrison177
coreymatthews415,codyschmidt87
coreymatthews415,andrewwhite286
coreymatthews415,robinsmith50
coreymatthews415,peteroconnor408
coreymatthews415,katelynmorgan440
coreymatthews415,angelawatkins386
marisawallace416,davidjordan489
marisawallace416,shawnwilliams314
marisawallace416,dr.michaelwright258
catherinegonzalez417,guydavis627
catherinegonzalez417,taylorbyrd429
catherinegonzalez417,davidhamilton498
catherinegonzalez417,jenniferallen46
catherinegonzalez417,missalexandriajohnsondds116
josephharris418,tiffanyduarte351
josephharris418,davidfrancis225
josephharris418,angelagarcia15
josephharris418,carolynvelasquez361
josephharris418,kaylaaguirre645
juliehurley419,duanesmith401
juliehurley419,josephchambers24
juliehurley419,adamwilliams382
juliehurley419,ryansmith122
juliehurley419,dylanbowers556
kimberlyedwards420,sabrinaware104
kimberlyedwards420,melissabaker237
kimberlyedwards420,patrickhutchinson207
morganmoore421,tylerhenderson272
morganmoore421,susansimmons365
morganmoore421,claytonlopez342
morganmoore421,angelawatkins386
morganmoore421,glennmitchell630
josephwilliams422,evelyndixon59
josephwilliams422,rebekahrios289
josephwilliams422,mr.johnjohns388
josephwilliams422,ronaldkirk285
garyturner423,barbaralindsey512
garyturner423,colleenford327
garyturner423,lukemyers86
taylorhuber424,codychavez296
taylorhuber424,andreawilson595
taylorhuber424,josephwilliams422
taylorhuber424,jenniferpowellmd427
ginaestrada425,briantownsend341
ginaestrada425,jennifergarcia217
ginaestrada425,courtneysalinas34
ginaestrada425,randyblake96
michaelthomas426,hollymiller270
michaelthomas426,keithhowell409
michaelthomas426,karentran432
michaelthomas426,troywright147
michaelthomas426,lesliekennedy618
jenniferpowellmd427,aprilmartin100
jenniferpowellmd427,michellecooper178
jenniferpowellmd427,briansmith82
jenniferpowellmd427,williamsmith21
jenniferpowellmd427,denisebrown557
jenniferpowellmd427,brandihernandez138
mrs.deannagarciaphd428,jenniferpowellmd427
mrs.deannagarciaphd428,toddgonzalez42
mrs.deannagarciaphd428,robertgallegos584
mrs.deannagarciaphd428,craigsmith188
mrs.deannagarciaphd428,barbaralindsey512
taylorbyrd429,davidweaverdvm214
taylorbyrd429,codychavez296
taylorbyrd429,michellerobinson574
suzanneavila430,amberpennington253
suzanneavila430,johnschneider591
suzanneavila430,johnmarshall299
suzanneavila430,ianbrewer291
suzanneavila430,zacharybowers544
suzanneavila430,jamesfrancis507
manuelelliott431,lisaatkinson337
manuelelliott431,antoniohunter533
manuelelliott431,codyschmidt87
manuelelliott431,haileylogan399
manuelelliott431,andrealee436
manuelelliott431,paulaandersen109
karentran432,dawnwood621
karentran432,ashleywilson376
karentran432,lauriewilliams215
tanyamason433,kristinafoster168
tanyamason433,lynngreen443
tanyamason433,phillipbenjamin307
tanyamason433,ruthpatterson164
tanyamason433,brycewhite493
tanyamason433,sierrachandler615
heatherbrooks434,richardhughes450
heatherbrooks434,josemiller501
heatherbrooks434,taylorbyrd429
derrickkeith435,lukemyers86
derrickkeith435,claytonlopez342
derrickkeith435,jameswhitehead387
derrickkeith435,jasonmurphy169
andrealee436,katielogan391
andrealee436,johnthomas252
andrealee436,nathanhall319
andrealee436,feliciagreen608
andrealee436,christophergutierrez394
andrealee436,georgechung292
alisonpatterson437,zacharycarey410
alisonpatterson437,morganmoore421
alisonpatterson437,noahoneill554
alisonpatterson437,teresasalazar202
alisonpatterson437,brycewhite493
alisonpatterson437,nicholasbolton13
jonathanlopez438,gabrieldavila48
jonathanlopez438,jonathanbowen644
jonathanlopez438,mistywilliams19
jonathanlopez438,cassidyarnold317
jonathanlopez438,jamesfrancis507
jonathanlopez438,williamweber525
davidvillarreal439,bettyramos629
davidvillarreal439,erikapearson52
davidvillarreal439,johntorres374
davidvillarreal439,briancampbell549
davidvillarreal439,johnnymalone90
katelynmorgan440,vincentellis259
katelynmorgan440,cherylsanders130
katelynmorgan440,georgemcmillan254
katelynmorgan440,tiffanymontoya594
melissadavis441,danielharrington357
melissadavis441,elizabethfranklin647
melissadavis441,jessicahall244
melissadavis441,ianhurley172
kimsutton442,lesliekennedy618
kimsutton442,robertgallegos584
kimsutton442,jenniferlin541
kimsutton442,mr.johnjohns388
lynngreen443,johnwiggins62
lynngreen443,stacygrant11
lynngreen443,ashleywilson376
lynngreen443,jasondelacruz642
lynngreen443,robertbush577
lynngreen443,josephrobinson173
saraortiz444,joshuahunter148
saraortiz444,kimbrooks12
saraortiz444,terryholder579
saraortiz444,georgejames118
richardschmitt445,rhondasimonmd41
richardschmitt445,benjaminward150
richardschmitt445,codyjohnson358
richardschmitt445,thomasfoster461
brendanfordjr.446,martingibson471
brendanfordjr.446,brendanfordjr.446
brendanfordjr.446,kristinjohnson467
brendanfordjr.446,antoniohunter533
brendanfordjr.446,johnmiller154
brendanfordjr.446,tiffanyarcher333
davidkeller447,stephenrogers64
davidkeller447,aliciamorris331
davidkeller447,tiffanyduarte351
davidkeller447,brittneystewart665
leahdixon448,jonathanlopez438
leahdixon448,tanyamason433
leahdixon448,matthewlevy648
margaretnelson449,christinawinters220
margaretnelson449,davidfrancis225
margaretnelson449,sabrinaware104
richardhughes450,michaelarnold61
richardhughes450,bradleyjones581
richardhughes450,veronicahall113
danielarmstrong451,jasonscott510
danielarmstrong451,melissabaker237
danielarmstrong451,scottfreeman88
danielarmstrong451,johnthomas252
danielarmstrong451,tylerhenderson272
larryboyd452,crystalspencer509
larryboyd452,josephbarrera514
larryboyd452,justingarcia381
lisafoster453,christopherthomas162
lisafoster453,markhaas378
lisafoster453,kennethdaniels402
lisafoster453,traciwiggins69
deborahmoore454,elizabethheath462
deborahmoore454,kevinsloan464
deborahmoore454,davidarmstrong57
claudiaparks455,jonathanbooker159
claudiaparks455,lindamassey485
claudiaparks455,christinahardy249
claudiaparks455,michaeljohnson91
claudiaparks455,benjaminward150
claudiaparks455,brendanfordjr.446
craigharris456,samuelnguyen350
craigharris456,kathleencordova622
craigharris456,jameswhitehead387
craigharris456,cynthiaowens33
craigharris456,jordanbrown68
craigharris456,mikaylamorgan321
teresagraham457,davidsmith593
teresagraham457,mrs.megandavis236
teresagraham457,teresasalazar202
teresagraham457,angelarobertson73
teresagraham457,jasonpierce127
teresagraham457,monicabranch659
maryfloyd458,timothycarlson340
maryfloyd458,melaniewilliams661
maryfloyd458,josephshaffer524
maryfloyd458,benjaminwall497
sharibentley459,jackking406
sharibentley459,emilysmith161
sharibentley459,jonathanbowen644
kellylong460,carrieclark383
kellylong460,mrs.lisabradshaw658
kellylong460,timothycarlson340
kellylong460,jenniferallen46
kellylong460,kennethdaniels402
thomasfoster461,mr.johnconrad643
thomasfoster461,justinochoa465
thomasfoster461,derrickkeith435
thomasfoster461,amandaweber334
thomasfoster461,williamweber525
thomasfoster461,adammartin405
elizabethheath462,morganmoore421
elizabethheath462,kaylasimpson362
elizabethheath462,debrasharp589
joelhicks463,ritaowens468
joelhicks463,jasonthornton83
joelhicks463,robertjones231
joelhicks463,joshuarobinson60
joelhicks463,terrymullins598
joelhicks463,kendraharris152
kevinsloan464,thomasavila125
kevinsloan464,dr.angelajohnson56
kevinsloan464,jonathanbowen644
kevinsloan464,larryboyd452
kevinsloan464,davidwashington404
justinochoa465,sethrobertson63
justinochoa465,edwinromero80
justinochoa465,lauraobrien530
justinochoa465,marisawallace416
jamesford466,michelewatson662
jamesford466,robertgallegos584
jamesford466,daniellester84
jamesford466,robertgallegos584
kristinjohnson467,danielmartin55
kristinjohnson467,kendraharris152
kristinjohnson467,jennifergarcia217
kristinjohnson467,crystalmartinez412
kristinjohnson467,brittanyfox329
ritaowens468,josephbarrera514
ritaowens468,louissampson349
ritaowens468,dylanrobinson17
ritaowens468,tanyajohnson634
ritaowens468,brianalara240
ritaowens468,davidarmstrong57
paulmejia469,angelicarodriguez604
paulmejia469,scottjones257
paulmejia469,laurasnow302
parkerbeck470,alisonpatterson437
parkerbeck470,mr.stevenhernandez502
parkerbeck470,gabrielgraham158
parkerbeck470,jayluna186
parkerbeck470,lesliebenson304
parkerbeck470,patriciamatthews65
martingibson471,erikawalsh667
martingibson471,ashleylloyd45
martingibson471,manuelmorris324
johnherrera472,kelseywhite243
johnherrera472,denisebrown557
johnherrera472,susanburnett393
johnherrera472,tonynunez325
johnherrera472,charlesbanks281
kaylaacosta473,erikasanchez121
kaylaacosta473,karenfrazier651
kaylaacosta473,briantownsend341
robertjones474,williamweber525
robertjones474,erikasanchez121
robertjones474,jenniferpowellmd427
robertjones474,catherinetrujillo570
robertjones474,melissaaguirre543
robertjones474,benjaminward150
blakelowery475,pamelayates175
blakelowery475,samuelnguyen350
blakelowery475,brandihernandez138
blakelowery475,crystallane102
blakelowery475,michaelwilliams625
davidellisonjr.476,courtneysalinas34
davidellisonjr.476,samanthaclarke308
davidellisonjr.476,kimbrooks12
davidellisonjr.476,angelawatson284
davidellisonjr.476,crystalhunt550
davidellisonjr.476,jasonscott510
robertbrown477,erikapearson52
robertbrown477,mr.johnjohns388
robertbrown477,jameswhitehead387
robertbrown477,monicabranch659
stevenhinton478,melissamatthews592
stevenhinton478,katherinemartin612
stevenhinton478,cynthiafreeman389
stevenhinton478,carrieparker355
amberthompson479,lesliebrady585
amberthompson479,davidfarmer607
amberthompson479,timothycarlson340
amberthompson479,josephchambers24
amberthompson479,toddgonzalez42
tiffanyphillips480,sarasnyder392
tiffanyphillips480,jonathancooper563
tiffanyphillips480,robinsmith50
tiffanyphillips480,karenavila624
tiffanyphillips480,glorianelson407
kennethsnydermd481,amberthompson479
kennethsnydermd481,briantownsend341
kennethsnydermd481,michelleduarte156
kennethsnydermd481,edwinrodriguez182
krystalkirk482,charlesbanks281
krystalkirk482,stephanieolson260
krystalkirk482,brittanyfox329
melissaking483,toddgonzalez42
melissaking483,jonathanbowen644
melissaking483,russellprice43
melissaking483,terrymullins598
alexissteelemd484,julienunez294
alexissteelemd484,denisebrown557
alexissteelemd484,jennifernorton66
alexissteelemd484,lesliebrady585
alexissteelemd484,nicholasbolton13
lindamassey485,jerryrobinson165
lindamassey485,crystalstrong142
lindamassey485,michaelarnold61
lindamassey485,tanyamason433
lindabrown486,jerryrobinson165
lindabrown486,kennethpitts567
lindabrown486,pamelaanthony633
lindabrown486,jasondudley227
lindabrown486,craigbowman578
lindabrown486,christopherhooper74
jordanwallace487,aliciamorris331
jordanwallace487,mrs.megandavis236
jordanwallace487,matthewharris248
evanlawrence488,jamessmith195
evanlawrence488,amyfischer77
evanlawrence488,mrs.megandavis236
evanlawrence488,katiecollins369
davidjordan489,lisafoster453
davidjordan489,dylanrobinson17
davidjordan489,jaredharrison396
davidjordan489,debrasharp589
davidjordan489,peteroconnor408
cynthiasparks490,juliashaffer395
cynthiasparks490,pamelayates175
cynthiasparks490,derrickkeith435
cynthiasparks490,leeshelton560
cynthiasparks490,brittanyfox329
cynthiasparks490,jennifergarcia217
ryandorsey491,patrickthomas586
ryandorsey491,jayluna186
ryandorsey491,heathermccoy398
sarahallendds492,michaelbrandt233
sarahallendds492,ashleylloyd45
sarahallendds492,cynthiagarcia101
sarahallendds492,christopherhudson274
sarahallendds492,kelseywhite243
sarahallendds492,carlosyang553
brycewhite493,jeffreymyers141
brycewhite493,patriciamatthews65
brycewhite493,alanjefferson503
mariaallen494,davidcox190
mariaallen494,edwinrodriguez182
mariaallen494,jerryrobinson165
mariaallen494,justingarcia381
mariaallen494,michaelstone28
mariaallen494,heatherbrooks434
brandondrake495,aliciacortez326
brandondrake495,deborahmoore454
brandondrake495,michelleduarte156
brandondrake495,adriennemiller617
nicolasbailey496,crystalspencer509
nicolasbailey496,jonathanbowen644
nicolasbailey496,veronicabenjamin565
nicolasbailey496,josephhartmandds246
benjaminwall497,cynthiaowens33
benjaminwall497,jenniferallen46
benjaminwall497,leeshelton560
benjaminwall497,toddgonzalez42
benjaminwall497,ronaldjimenez346
benjaminwall497,jennifercohen25
davidhamilton498,evelyndixon59
davidhamilton498,amberthompson479
davidhamilton498,kevinhill37
davidhamilton498,kristinafoster168
davidhamilton498,stevenjones204
davidhamilton498,ashleyroberts613
michelegarcia499,ianhurley172
michelegarcia499,crystalmartinez412
michelegarcia499,monicabranch659
michelegarcia499,georgechung292
michelegarcia499,hannahgarcia153
christiancarter500,susanburnett393
christiancarter500,sarahtorres526
christiancarter500,waynesmith16
christiancarter500,georgesmith537
christiancarter500,angelagarcia15
josemiller501,mistywilliams19
josemiller501,ericasullivan298
josemiller501,jeremiahbell650
josemiller501,derrickcollier505
mr.stevenhernandez502,melaniewilliams661
mr.stevenhernandez502,jasonpierce127
mr.stevenhernandez502,jordanbrown68
alanjefferson503,jenniferberry580
alanjefferson503,zacharycarey410
alanjefferson503,josephbarrera514
annadaniels504,josephrobinson173
annadaniels504,brandondrake495
annadaniels504,lesliekennedy618
annadaniels504,michellewolf338
annadaniels504,kennethsnydermd481
derrickcollier505,crystalmartinez412
derrickcollier505,kevinsalazar232
derrickcollier505,heatherscott384
derrickcollier505,kristenwilliams280
derrickcollier505,susansimmons365
derrickcollier505,stevenbrown348
danamills506,missalexandriajohnsondds116
danamills506,jamespena282
danamills506,richardhughes450
jamesfrancis507,justinochoa465
jamesfrancis507,hannahgarcia153
jamesfrancis507,josephchambers24
jamesfrancis507,kaylasimpson362
melindasilva508,veronicataylor191
melindasilva508,jenniferlin541
melindasilva508,patrickthomas586
melindasilva508,dianarobles522
melindasilva508,karenfrazier651
crystalspencer509,royjohnson256
crystalspencer509,robertbush577
crystalspencer509,johnthomas252
jasonscott510,jeffreymyers141
jasonscott510,mrs.deannagarciaphd428
jasonscott510,tonynunez325
jeanetterodriguezmd511,terryholder579
jeanetterodriguezmd511,codyjohnson358
jeanetterodriguezmd511,zacharycarey410
barbaralindsey512,michelewatson662
barbaralindsey512,duanesmith401
barbaralindsey512,suemason587
barbaralindsey512,andrewwhite286
barbaralindsey512,andrewwillis31
barbarareilly513,manuelelliott431
barbarareilly513,mr.douglasaguirre330
barbarareilly513,sarastewart597
barbarareilly513,catherinegonzalez417
barbarareilly513,brandondrake495
josephbarrera514,briansmith82
josephbarrera514,kaylaacosta473
josephbarrera514,lauragarcia666
josephbarrera514,claudiaparks455
josephbarrera514,danielhenrydds411
angeladominguez515,kimsutton442
angeladominguez515,jordanbrown68
angeladominguez515,johnnymalone90
angeladominguez515,jeffreyharris626
angeladominguez515,laceymadden97
angeladominguez515,kellymarquez89
tamarafreeman516,lisajames107
tamarafreeman516,manuelelliott431
tamarafreeman516,jerryrobinson165
arthurmartinez517,crystalstrong142
arthurmartinez517,jenniferberry580
arthurmartinez517,adamwilliams382
anthonycook518,jasondudley227
anthonycook518,nicolejohnson540
anthonycook518,michaelhill58
anthonycook518,jasondelacruz642
anthonycook518,andreawilson595
meredithleonard519,garyturner423
meredithleonard519,jessicasherman4
meredithleonard519,tiffanyarcher333
meredithleonard519,susansimmons365
meredithleonard519,lindawhitaker54
meredithleonard519,taylorhuber424
cherylgordon520,donnathompson657
cherylgordon520,christopherhudson274
cherylgordon520,victorbrown545
cherylgordon520,emilywillis655
nicolecoffey521,ginaestrada425
nicolecoffey521,emilywillis655
nicolecoffey521,susanburnett393
dianarobles522,davidmartin320
dianarobles522,tiffanypatterson92
dianarobles522,jeffreyharris626
dianarobles522,jamesgiles614
tiffanyalexander523,theodorebarnett26
tiffanyalexander523,heathermiller414
tiffanyalexander523,timothycarlson340
tiffanyalexander523,brianweber135
tiffanyalexander523,tanyajohnson634
josephshaffer524,johnnymalone90
josephshaffer524,elizabethheath462
josephshaffer524,brandyfowler568
josephshaffer524,colleenford327
williamweber525,francessmith276
williamweber525,angelagarcia15
williamweber525,davidhamilton498
williamweber525,katherinebrooks668
sarahtorres526,briantownsend341
sarahtorres526,codychavez296
sarahtorres526,robertdavis279
sarahtorres526,angelamcintosh328
sarahtorres526,sabrinaware104
sarahtorres526,johntorres374
annameyer527,erikasanchez121
annameyer527,juliashaffer395
annameyer527,kristinjohnson467
annameyer527,cynthiagarcia101
annameyer527,christopherperry219
annameyer527,jessicawilson6
nicholasmartinez528,michaelstone28
nicholasmartinez528,laurahernandez93
nicholasmartinez528,jessebradley654
nicholasmartinez528,kathleencordova622
nicholasmartinez528,lindseygreen372
nicholasmartinez528,angelacarr32
christopherthomas529,taylorbyrd429
christopherthomas529,thomasswanson380
christopherthomas529,cathykoch266
christopherthomas529,kendraharris152
lauraobrien530,robertdavis279
lauraobrien530,aaronnelson151
lauraobrien530,angeladominguez515
frederickwilliamson531,mathewsmith573
frederickwilliamson531,crystalstrong142
frederickwilliamson531,mikaylamorgan321
frederickwilliamson531,craigbowman578
markblair532,nicolecoffey521
markblair532,elizabethanderson132
markblair532,tinawalton278
markblair532,paulaandersen109
markblair532,mr.jasonlove2
antoniohunter533,darlenegarcia547
antoniohunter533,marisawallace416
antoniohunter533,kathleencordova622
antoniohunter533,davidvillarreal439
antoniohunter533,katielogan391
antoniohunter533,codyjohnson358
sandyjones534,christiancarter500
sandyjones534,josephharris418
sandyjones534,angelagarcia15
sandyjones534,ritaowens468
sandyjones534,kellygomez632
josephberry535,juliacompton23
josephberry535,ritaowens468
josephberry535,lynnnichols619
josephberry535,suzanneavila430
josephberry535,danielmartin55
josephberry535,davidfrancis225
elizabethgray536,christinamiles367
elizabethgray536,eileennewton247
elizabethgray536,johnmiller154
elizabethgray536,kimberlylopez335
elizabethgray536,mr.kevinphillips238
elizabethgray536,crystalmartinez412
georgesmith537,lisamiller157
georgesmith537,timothyfox566
georgesmith537,cynthiawilkerson40
georgesmith537,thomasavila125
georgesmith537,alisonpatterson437
jennifercontreras538,rachelkennedy288
jennifercontreras538,brandonbrown197
jennifercontreras538,danielarmstrong451
jennifercontreras538,kristenwilliams280
jennifercontreras538,dylanbowers556
jennifercontreras538,heatherscott384
kimberlygardner539,jessicawilson6
kimberlygardner539,alanjefferson503
kimberlygardner539,nicoledurham224
kimberlygardner539,jenniferlin541
nicolejohnson540,richardbrown322
nicolejohnson540,alanjefferson503
nicolejohnson540,henrywatkins669
nicolejohnson540,deborahhardy313
jenniferlin541,elizabethgarrison649
jenniferlin541,tiffanymontoya594
jenniferlin541,oscarharmon5
jenniferlin541,heatherscott384
jenniferlin541,johnnelson562
jenniferlin541,justingarcia381
dylanrich542,robertjones231
dylanrich542,tanyamason433
dylanrich542,margaretnelson449
dylanrich542,jasminegarcia347
dylanrich542,johnherrera472
melissaaguirre543,charlesadams271
melissaaguirre543,jamesnunez39
melissaaguirre543,tayloryoung189
melissaaguirre543,crystalhunt550
melissaaguirre543,seanmendez155
melissaaguirre543,peggyhahn277
zacharybowers544,briancampbell549
zacharybowers544,mr.kevinphillips238
zacharybowers544,lesliebenson304
zacharybowers544,ricardoflores352
victorbrown545,nicoledurham224
victorbrown545,catherinegonzalez417
victorbrown545,alyssakeller344
susanrivers546,blakelowery475
susanrivers546,aaronnelson151
susanrivers546,michaelthomas426
susanrivers546,angelicarodriguez604
susanrivers546,kimberlylopez335
darlenegarcia547,brittanyfox329
darlenegarcia547,sarahcalhoun670
darlenegarcia547,pamelaanthony633
paulfox548,nicholasmoore239
paulfox548,erinjensen81
paulfox548,juliacompton23
paulfox548,monicabranch659
paulfox548,danielmcbride616
briancampbell549,jamesfrancis507
briancampbell549,tanyajohnson634
briancampbell549,rachelkennedy288
crystalhunt550,brandondrake495
crystalhunt550,heathermccoy398
crystalhunt550,karenfrazier651
mathewwilson551,codychavez296
mathewwilson551,melissamatthews592
mathewwilson551,johntorres374
mathewwilson551,josephharris418
mathewwilson551,veronicahall113
patriciacox552,lesliebenson304
patriciacox552,robinsmith50
patriciacox552,marthadixon265
patriciacox552,nicholasmoore239
patriciacox552,alanjefferson503
carlosyang553,katiecollins369
carlosyang553,rebeccabrown652
carlosyang553,georgesmith537
noahoneill554,sethgarrison177
noahoneill554,michelegarcia499
noahoneill554,deborahhardy313
noahoneill554,adriennemiller617
noahoneill554,stacygrant11
noahoneill554,mariawashington67
reneedavis555,billyjohnson119
reneedavis555,krystalkirk482
reneedavis555,jasondudley227
reneedavis555,davidkeller447
dylanbowers556,lorihernandez268
dylanbowers556,kaylasimpson362
dylanbowers556,kevinsexton95
denisebrown557,angelagarcia15
denisebrown557,brittanyfox329
denisebrown557,emmajames85
denisebrown557,leeshelton560
denisebrown557,jamesthomas290
denisebrown557,michaelhill58
jamesharris558,kendraharris152
jamesharris558,feliciagreen608
jamesharris558,mr.johnjohns388
jessicameyer559,pamelayates175
jessicameyer559,davidmartin320
jessicameyer559,melissadavis441
jessicameyer559,kimsutton442
jessicameyer559,davidarmstrong57
leeshelton560,tylerhenderson272
leeshelton560,markblair532
leeshelton560,johnhenderson8
brookewagnermd561,colleenford327
brookewagnermd561,stevenbrown348
brookewagnermd561,tinawalton278
brookewagnermd561,laceymadden97
brookewagnermd561,richardbrown322
johnnelson562,edwinrodriguez182
johnnelson562,mathewwilson551
johnnelson562,jennifergarcia217
johnnelson562,sarastewart597
johnnelson562,benjaminwall497
johnnelson562,jenniferberry580
jonathancooper563,kylebailey7
jonathancooper563,davidhamilton498
jonathancooper563,tamarafreeman516
jonathancooper563,kimberlylopez335
robertbrooks564,elizabethgray536
robertbrooks564,gabrielgraham158
robertbrooks564,heatherscott384
robertbrooks564,angelawatkins386
robertbrooks564,williamweber525
veronicabenjamin565,erinjensen81
veronicabenjamin565,bryanbrown316
veronicabenjamin565,mikaylamorgan321
veronicabenjamin565,parkerbeck470
timothyfox566,davidkeller447
timothyfox566,madelinehodge606
timothyfox566,jennadiaz310
timothyfox566,douglasparsons356
kennethpitts567,aaronjackson212
kennethpitts567,angelathompson3
kennethpitts567,derrickkeith435
kennethpitts567,brycewhite493
brandyfowler568,kristinafoster168
brandyfowler568,beverlymcdonald636
brandyfowler568,ashleywilson376
brandyfowler568,lynnnichols619
brandyfowler568,suzanneavila430
brandyfowler568,elizabethfranklin647
cherylvalenzuelamd569,jamesharris558
cherylvalenzuelamd569,joshuahansen180
cherylvalenzuelamd569,josephberry535
cherylvalenzuelamd569,samanthaphillips139
cherylvalenzuelamd569,samanthaphillips139
cherylvalenzuelamd569,danielhenrydds411
catherinetrujillo570,russellprice43
catherinetrujillo570,blakecooper315
catherinetrujillo570,cynthiagarcia101
catherinetrujillo570,kimwilliams75
catherinetrujillo570,christopherhooper74
catherinetrujillo570,stephanieporter223
kimberlylong571,alexislopez255
kimberlylong571,nicolasbailey496
kimberlylong571,kennethpitts567
amandapearson572,jenniferpowellmd427
amandapearson572,dylanrobinson17
amandapearson572,joshuamoore611
amandapearson572,sharibentley459
mathewsmith573,kristenwilliams280
mathewsmith573,melissahoward303
mathewsmith573,jasonthornton83
mathewsmith573,sarahallendds492
mathewsmith573,peggyhahn277
michellerobinson574,michaelgibbs146
michellerobinson574,andrestark71
michellerobinson574,jameswhitehead387
michellerobinson574,darlenegarcia547
vincentglass575,blakelowery475
vincentglass575,missalexandriajohnsondds116
vincentglass575,lauragarcia666
vincentglass575,evanlawrence488
vincentglass575,jenniferlin541
vincentglass575,henrywatkins669
luiswerner576,veronicahall113
luiswerner576,carrieparker355
luiswerner576,terrymullins598
luiswerner576,josephharris418
robertbush577,josephhartmandds246
robertbush577,susanburnett393
robertbush577,briantownsend341
robertbush577,michaelwilliams625
robertbush577,blakelowery475
robertbush577,feliciawolf332
craigbowman578,mikaylamorgan321
craigbowman578,noahoneill554
craigbowman578,angelagarcia15
craigbowman578,parkerbeck470
craigbowman578,benjaminward150
craigbowman578,cynthiagarcia101
terryholder579,craigharris456
terryholder579,kimberlylong571
terryholder579,michaelsimmons72
jenniferberry580,danielpotts590
jenniferberry580,mr.jasonlove2
jenniferberry580,michaelbrandt233
jenniferberry580,richardbrown322
jenniferberry580,michaelwilliams625
jenniferberry580,blakelowery475
bradleyjones581,victorreynolds183
bradleyjones581,jennifercohen25
bradleyjones581,billyjohnson119
bradleyjones581,jonathancobb653
bradleyjones581,jeffreyharris626
bradleyjones581,kylebailey7
markruiz582,elizabethcantu385
markruiz582,karenavila624
markruiz582,melissaaguirre543
markruiz582,robinsmith50
markruiz582,jonathanbowen644
markruiz582,michaelgibbs146
meghanshah583,ashleylloyd45
meghanshah583,justinperez305
meghanshah583,williamweber525
meghanshah583,denisebrown557
robertgallegos584,georgejames118
robertgallegos584,davidellisonjr.476
robertgallegos584,ronaldjimenez346
robertgallegos584,amandapearson572
lesliebrady585,richardschmitt445
lesliebrady585,nicholasburke176
lesliebrady585,manuelelliott431
patrickthomas586,cherylvalenzuelamd569
patrickthomas586,stephanieolson260
patrickthomas586,angelarobertson73
patrickthomas586,brandonbrown197
suemason587,annameyer527
suemason587,terryholder579
suemason587,sarahtorres526
suemason587,blakebennett261
suemason587,bradleycooper51
suemason587,joelhicks463
kelseyjenkins588,kellydelgado368
kelseyjenkins588,heatherbrooks434
kelseyjenkins588,jessicaleblanc128
debrasharp589,nathanhall319
debrasharp589,angelawatson284
debrasharp589,craigbowman578
debrasharp589,sarahmartinez133
debrasharp589,sabrinaware104
debrasharp589,samanthaphillips139
danielpotts590,sarahmartinez133
danielpotts590,adamwilliams382
danielpotts590,gabrielgraham158
danielpotts590,brandyfowler568
danielpotts590,randyblake96
danielpotts590,kimberlysmith641
johnschneider591,jamesharris558
johnschneider591,donaldmunoz664
johnschneider591,noahoneill554
johnschneider591,theodorelandry108
johnschneider591,shawnwilliams314
johnschneider591,meghanshah583
melissamatthews592,jenniferallen46
melissamatthews592,emmajames85
melissamatthews592,justinochoa465
davidsmith593,sethgarrison177
davidsmith593,danielmcbride616
davidsmith593,ashleyroberts613
davidsmith593,blakebennett261
davidsmith593,samanthaclarke308
tiffanymontoya594,tiffanypatterson92
tiffanymontoya594,vincentbrown235
tiffanymontoya594,crystallane102
andreawilson595,theodorewagner174
andreawilson595,catherinegonzalez417
andreawilson595,colleenford327
andreawilson595,tiffanyphillips480
miguelmarshall596,sethrobertson63
miguelmarshall596,andrewwillis31
miguelmarshall596,jonathanbowen644
miguelmarshall596,victorbrown545
sarastewart597,kristabaird628
sarastewart597,ashleylloyd45
sarastewart597,ianhurley172
sarastewart597,henrywatkins669
sarastewart597,shelbysilva639
terrymullins598,tiffanyalexander523
terrymullins598,arthurmartinez517
terrymullins598,angeladominguez515
terrymullins598,kristinjohnson467
terrymullins598,jackiebradford603
gregorybeard599,monicabranch659
gregorybeard599,stacygrant11
gregorybeard599,claudiaparks455
henrycompton600,jamesgiles614
henrycompton600,tanyasingleton131
henrycompton600,vincentglass575
miacoleman601,nicholasbolton13
miacoleman601,jessicasherman4
miacoleman601,justinochoa465
miacoleman601,jordanwallace487
miacoleman601,briantownsend341
samanthamatthewsdds602,mr.kevinphillips238
samanthamatthewsdds602,kathleencordova622
samanthamatthewsdds602,mistywilliams19
jackiebradford603,lisamiller157
jackiebradford603,kylebailey7
jackiebradford603,josephchambers24
jackiebradford603,henrywatkins669
jackiebradford603,troymitchell312
angelicarodriguez604,jonathanlopez438
angelicarodriguez604,rebeccabrown652
angelicarodriguez604,brittneystewart665
susancampbell605,stevenmorris241
susancampbell605,cherylvalenzuelamd569
susancampbell605,bryanbrown316
susancampbell605,stacyjones222
susancampbell605,jennifercohen25
madelinehodge606,francessmith276
madelinehodge606,taylormoreno124
madelinehodge606,jamesnelson179
madelinehodge606,alexispeck250
davidfarmer607,josephrobinson173
davidfarmer607,michaeljohnson91
davidfarmer607,cherylsanders130
davidfarmer607,manuelelliott431
davidfarmer607,tiffanyduarte351
davidfarmer607,dawnwood621
feliciagreen608,jamesgiles614
feliciagreen608,andrewwillis31
feliciagreen608,pamelaanthony633
feliciagreen608,jenniferlin541
douglaswright609,jordanbrown68
douglaswright609,mariawashington67
douglaswright609,kimberlylong571
douglaswright609,crystallane102
douglaswright609,parkerbeck470
hollylopez610,karentran432
hollylopez610,brookewagnermd561
hollylopez610,lauragarcia666
hollylopez610,tiffanyalexander523
hollylopez610,andrestark71
joshuamoore611,johnnelson562
joshuamoore611,kelseywhite243
joshuamoore611,christophersanders144
katherinemartin612,cherylgordon520
katherinemartin612,danielpotts590
katherinemartin612,jamespena282
katherinemartin612,ricardoflores352
katherinemartin612,jennaharrell300
ashleyroberts613,michelleharris38
ashleyroberts613,stephenrogers64
ashleyroberts613,marissachoi311
ashleyroberts613,jessicasherman4
jamesgiles614,christopherhudson274
jamesgiles614,davidhamilton498
jamesgiles614,teresagraham457
jamesgiles614,pamelayates175
jamesgiles614,jessicasherman4
jamesgiles614,angelicarodriguez604
sierrachandler615,edwinromero80
sierrachandler615,emmajames85
sierrachandler615,hunterstanley167
sierrachandler615,richardbrown322
sierrachandler615,shelleybooth44
sierrachandler615,nicolecoffey521
danielmcbride616,kimberlylopez335
danielmcbride616,laurahernandez93
danielmcbride616,dianaweaver343
adriennemiller617,davidvillarreal439
adriennemiller617,dominiquereed216
adriennemiller617,tylerwolf201
adriennemiller617,andrealee436
adriennemiller617,robinsmith50
adriennemiller617,robinsmith50
lesliekennedy618,randyblake96
lesliekennedy618,blakebennett261
lesliekennedy618,larryboyd452
lesliekennedy618,michaelthomas426
lynnnichols619,lindamccoy134
lynnnichols619,cynthiawilkerson40
lynnnichols619,davidweaverdvm214
lynnnichols619,cassandrarose293
lynnnichols619,ianhurley172
danielmichael620,adammartin405
danielmichael620,jamesnunez39
danielmichael620,melissaaguirre543
dawnwood621,davidvillarreal439
dawnwood621,billstanley263
dawnwood621,maryfloyd458
dawnwood621,robertjones474
dawnwood621,larryboyd452
dawnwood621,davidmalone200
kathleencordova622,madelinehodge606
kathleencordova622,jamesharris558
kathleencordova622,codylopez36
kathleencordova622,victoriaschmitt126
kathleencordova622,douglaswright609
reneeford623,christianramirez211
reneeford623,kellylong460
reneeford623,josephberry535
reneeford623,thomasfoster461
reneeford623,samuelnguyen350
karenavila624,ambercarson196
karenavila624,juliacompton23
karenavila624,courtneysalinas34
karenavila624,aliciamorris331
michaelwilliams625,kevinsalazar232
michaelwilliams625,ryansmith122
michaelwilliams625,elizabethheath462
michaelwilliams625,valerierose129
jeffreyharris626,louisarnold185
jeffreyharris626,sierrachandler615
jeffreyharris626,lorihernandez268
jeffreyharris626,johnthomas252
guydavis627,ashleylloyd45
guydavis627,briansmith82
guydavis627,crystalhunt550
guydavis627,randallbray47
guydavis627,anthonyespinoza22
guydavis627,mr.douglasaguirre330
kristabaird628,michellerobinson574
kristabaird628,carolynvelasquez361
kristabaird628,johnschneider591
kristabaird628,stevenrich111
kristabaird628,craigbowman578
kristabaird628,amyshelton218
bettyramos629,terryholder579
bettyramos629,laurasnow302
bettyramos629,taylorhuber424
bettyramos629,suemason587
glennmitchell630,jennifernorton66
glennmitchell630,suemason587
glennmitchell630,breannamerritt171
glennmitchell630,dianaweaver343
christopherchandler631,jennadiaz310
christopherchandler631,kimberlysmith641
christopherchandler631,josephhartmandds246
christopherchandler631,paulasanders275
christopherchandler631,patrickgrant269
kellygomez632,louisarnold185
kellygomez632,karenavila624
kellygomez632,glennmitchell630
pamelaanthony633,danamills506
pamelaanthony633,christopherperry219
pamelaanthony633,jennifercohen25
pamelaanthony633,reneeford623
pamelaanthony633,markruiz582
pamelaanthony633,jessicaherring160
tanyajohnson634,heathermccoy398
tanyajohnson634,brycewhite493
tanyajohnson634,johnthomas252
tanyajohnson634,kylebailey7
kathleenjacobs635,krystalkirk482
kathleenjacobs635,aprilmartin100
kathleenjacobs635,louissampson349
kathleenjacobs635,thomasfoster461
kathleenjacobs635,jennadiaz310
beverlymcdonald636,victorbrown545
beverlymcdonald636,matthewlevy648
beverlymcdonald636,kaylasimpson362
beverlymcdonald636,sarahjimenez70
beverlymcdonald636,jessebradley654
robertwilson637,johnnymalone90
robertwilson637,ianbrewer291
robertwilson637,claytonlopez342
michaelgarcia638,patrickthomas586
michaelgarcia638,davidweaverdvm214
michaelgarcia638,kaylasimpson362
michaelgarcia638,jasonthornton83
shelbysilva639,michaelbrandt233
shelbysilva639,amberpennington253
shelbysilva639,dylanrobinson17
deborahskinner640,edwinromero80
deborahskinner640,jonsmall112
deborahskinner640,ashleylloyd45
kimberlysmith641,mr.johnconrad643
kimberlysmith641,kaylaaguirre645
kimberlysmith641,glorianelson407
kimberlysmith641,theodorewagner174
jasondelacruz642,davidmartinez273
jasondelacruz642,elizabethgarrison649
jasondelacruz642,kendrahoover103
jasondelacruz642,kelseywhite243
jasondelacruz642,jerryrobinson165
mr.johnconrad643,denniskirk359
mr.johnconrad643,theodorewagner174
mr.johnconrad643,scottjones257
jonathanbowen644,denisebrown557
jonathanbowen644,melissacarr306
jonathanbowen644,deborahhardy313
jonathanbowen644,elizabethgarrison649
kaylaaguirre645,sarahallendds492
kaylaaguirre645,thomasfoster461
kaylaaguirre645,ritaowens468
kaylaaguirre645,donnathompson657
joshuaelliott646,mathewwilson551
joshuaelliott646,amyshelton218
joshuaelliott646,rebekahrios289
joshuaelliott646,margaretnelson449
joshuaelliott646,jonsmall112
elizabethfranklin647,catherinetrujillo570
elizabethfranklin647,cherylgordon520
elizabethfranklin647,christopherperry219
elizabethfranklin647,georgesmith537
elizabethfranklin647,jamieevans193
elizabethfranklin647,rebekahrios289
matthewlevy648,emilysmith161
matthewlevy648,christopherchandler631
matthewlevy648,jamessmith195
matthewlevy648,joelhicks463
matthewlevy648,paulfox548
elizabethgarrison649,deborahmoore454
elizabethgarrison649,joshuaelliott646
elizabethgarrison649,lorihernandez268
elizabethgarrison649,elizabethheath462
elizabethgarrison649,tylerwolf201
jeremiahbell650,aaronnelson151
jeremiahbell650,josephwilliams422
jeremiahbell650,amandapearson572
jeremiahbell650,davidfrancis225
jeremiahbell650,bryanbrown316
jeremiahbell650,blakelowery475
karenfrazier651,stephanieporter223
karenfrazier651,patriciacox552
karenfrazier651,kennethdaniels402
karenfrazier651,jasondudley227
karenfrazier651,parkerbeck470
rebeccabrown652,nathanhall319
rebeccabrown652,ianbrewer291
rebeccabrown652,tiffanyperez364
jonathancobb653,michaelgibbs146
jonathancobb653,codychavez296
jonathancobb653,dr.angelajohnson56
jonathancobb653,jessicasherman4
jonathancobb653,walterriddle140
jonathancobb653,nicholasmoore239
jessebradley654,melissamatthews592
jessebradley654,davidwashington404
jessebradley654,alanjefferson503
jessebradley654,ryansmith122
emilywillis655,angeladominguez515
emilywillis655,danielharrington357
emilywillis655,lauriekirk14
emilywillis655,elizabethcantu385
amymorton656,elizabethheath462
amymorton656,marisawallace416
amymorton656,frederickwilliamson531
donnathompson657,annadaniels504
donnathompson657,lesliebenson304
donnathompson657,kimberlygardner539
donnathompson657,alyssaking143
donnathompson657,stevenmorris241
donnathompson657,blakelowery475
mrs.lisabradshaw658,terryholder579
mrs.lisabradshaw658,christopherthomas529
mrs.lisabradshaw658,manuelelliott431
mrs.lisabradshaw658,jamesford466
mrs.lisabradshaw658,brianweber135
mrs.lisabradshaw658,markhaas378
monicabranch659,johnmiller154
monicabranch659,melissaaguirre543
monicabranch659,sethrobertson63
shawndavis660,davidcox190
shawndavis660,margaretallen10
shawndavis660,tamarafreeman516
shawndavis660,sarahallendds492
melaniewilliams661,amandapearson572
melaniewilliams661,patrickgrant269
melaniewilliams661,josephwilliams422
melaniewilliams661,evelyndixon59
melaniewilliams661,kathleenjacobs635
michelewatson662,feliciagreen608
michelewatson662,hannahbishop339
michelewatson662,denisebrown557
michelewatson662,joelhicks463
amberlee663,kevinsalazar232
amberlee663,craigharris456
amberlee663,alexismendez301
amberlee663,kellicarney106
amberlee663,tanyajohnson634
amberlee663,nicholasdean136
donaldmunoz664,shawndavis660
donaldmunoz664,josephrobinson173
donaldmunoz664,josemiller501
donaldmunoz664,jenniferberry580
donaldmunoz664,kevinhill37
brittneystewart665,donaldguerrero287
brittneystewart665,hannahgarcia153
brittneystewart665,elizabethpowell199
brittneystewart665,susanrivers546
brittneystewart665,waynesmith16
brittneystewart665,jamessmith195
lauragarcia666,dylanbowers556
lauragarcia666,nicholasmartinez528
lauragarcia666,evanlawrence488
lauragarcia666,claytonlopez342
erikawalsh667,nicoledurham224
erikawalsh667,arthurmartinez517
erikawalsh667,georgejames118
erikawalsh667,williamweber525
erikawalsh667,terryholder579
katherinebrooks668,brycewhite493
katherinebrooks668,emmajames85
katherinebrooks668,michaelwatson210
katherinebrooks668,shelleybooth44
katherinebrooks668,patrickthomas586
henrywatkins669,scottfreeman88
henrywatkins669,mistywilliams19
henrywatkins669,sandyjones534
henrywatkins669,richardschmitt445
henrywatkins669,marilynjohnson297
henrywatkins669,ianhurley172
sarahcalhoun670,lindamccoy134
sarahcalhoun670,kristinafoster168
sarahcalhoun670,russellprice43
sarahcalhoun670,cassandrarose293
sarahcalhoun670,noahoneill554
sarahcalhoun670,patrickhutchinson207
michelletaylor671,danamills506
michelletaylor671,andrestark71
michelletaylor671,theodorelandry108
