userId,name,username,dob,age,gender,password
1,Omar Huffman,omarhuffman1,1990-12-14,31,M,tMOKvc^7
2,Mr. Jason Love,mr.jasonlove2,1975-7-3,46,M,uBbsZt^8
3,Angela Thompson,angelathompson3,1993-3-5,28,F,Ydbbml#9
4,Jessica Sherman,jessicasherman4,1973-7-13,48,M,mshpXE$3
5,Oscar Harmon,oscarharmon5,1988-8-24,33,M,VwWGXG$6
6,Jessica Wilson,jessicawilson6,1985-11-29,36,M,vmYEYP!6
7,Kyle Bailey,kylebailey7,1994-9-9,27,M,AMcVjr%0
8,John Henderson,johnhenderson8,2000-1-23,21,F,KXarOz%6
9,Tracey Irwin,traceyirwin9,1961-11-6,60,F,CPLtvI*8
10,Margaret Allen,margaretallen10,1968-1-17,53,M,bvmNaF#4
11,Stacy Grant,stacygrant11,1975-8-25,46,M,FHgigL*8
12,Kim Brooks,kimbrooks12,1998-4-30,23,M,GMSnhh*3
13,Nicholas Bolton,nicholasbolton13,1990-11-9,31,F,bFsLaM^0
14,Laurie Kirk,lauriekirk14,1999-6-2,22,F,KySrva&6
15,Angela Garcia,angelagarcia15,1994-4-13,27,M,EBmeTP!3
16,Wayne Smith,waynesmith16,1989-12-10,32,F,Bfzlsg%5
17,Dylan Robinson,dylanrobinson17,1964-10-4,57,M,kTLpyg%0
18,Katie Brown,katiebrown18,1960-4-9,61,F,OaJIZI^4
19,Misty Williams,mistywilliams19,1967-1-5,54,F,iESaMM*7
20,Nicole Ramsey,nicoleramsey20,1973-7-16,48,F,iLIUas@8
21,William Smith,williamsmith21,1984-4-1,37,F,kiBqbJ#3
22,Anthony Espinoza,anthonyespinoza22,1972-7-19,49,F,Hbssqa*2
23,Julia Compton,juliacompton23,1981-6-29,40,F,sqsImL^4
24,Joseph Chambers,josephchambers24,1980-2-9,41,M,KxMYVv^3
25,Jennifer Cohen,jennifercohen25,1974-4-18,47,M,THsQpj*3
26,Theodore Barnett,theodorebarnett26,2002-2-22,19,M,ymytxJ$3
27,Frank Davis,frankdavis27,1973-10-15,48,M,CwnIyu%1
28,Michael Stone,michaelstone28,1988-6-3,33,F,kzCVHm^8
29,Kathleen Schroeder,kathleenschroeder29,1992-11-25,29,F,NgmCne%3
30,Aaron Castro,aaroncastro30,1999-4-26,22,M,bHhTSn%6
31,Andrew Willis,andrewwillis31,1989-4-31,32,F,AxbQCd^5
32,Angela Carr,angelacarr32,1982-3-18,39,M,dvUdIu$2
33,Cynthia Owens,cynthiaowens33,1977-7-1,44,F,LjImkU%6
34,Courtney Salinas,courtneysalinas34,1994-1-30,27,M,iihqAa@4
35,Sierra Thomas,sierrathomas35,1984-3-12,37,F,QUiGCY&3
36,Cody Lopez,codylopez36,1976-3-25,45,F,ZCtyQo%7
37,Kevin Hill,kevinhill37,2001-5-6,20,M,BDeiGh$9
38,Michelle Harris,michelleharris38,1980-12-2,41,M,BPzVKU*7
39,James Nunez,jamesnunez39,2002-8-7,19,F,XpYsrI^9
40,Cynthia Wilkerson,cynthiawilkerson40,1965-2-3,56,M,ECpHUJ#5
41,Rhonda Simon MD,rhondasimonmd41,1987-7-27,34,F,wbolNM$9
42,Todd Gonzalez,toddgonzalez42,1995-1-15,26,M,ICybQM!4
43,Russell Price,russellprice43,1988-2-20,33,M,XPsaWT*6
44,Shelley Booth,shelleybooth44,1972-12-23,49,M,zbnJVv%4
45,Ashley Lloyd,ashleylloyd45,1964-5-18,57,M,sKzvuL!3
46,Jennifer Allen,jenniferallen46,1969-9-18,52,M,nzHvVw&5
47,Randall Bray,randallbray47,1977-10-17,44,F,ZxTOgB$2
48,Gabriel Davila,gabrieldavila48,1964-6-16,57,F,oIdrof^5
49,Michael Williamson,michaelwilliamson49,1964-5-27,57,F,XPzQHo&1
50,Robin Smith,robinsmith50,1983-7-23,38,M,skCFCn$5
51,Bradley Cooper,bradleycooper51,1973-2-10,48,F,EDSdOy#6
52,Erika Pearson,erikapearson52,1982-5-9,39,M,IAMjuk@3
53,Patricia Johnson,patriciajohnson53,2004-10-22,17,F,wahcPk@5
54,Linda Whitaker,lindawhitaker54,1995-11-30,26,M,ODJEVh%9
55,Daniel Martin,danielmartin55,1964-8-19,57,M,NrMpcS^8
56,Dr. Angela Johnson,dr.angelajohnson56,2002-2-14,19,F,IBtXvR*2
57,David Armstrong,davidarmstrong57,1960-12-7,61,M,PqvCxR$0
58,Michael Hill,michaelhill58,1998-2-1,23,F,jiFaIr^6
59,Evelyn Dixon,evelyndixon59,1979-3-7,42,F,kjtrse%4
60,Joshua Robinson,joshuarobinson60,2003-7-7,18,M,tSoTUs#9
61,Michael Arnold,michaelarnold61,1975-7-7,46,M,UCtGDn%8
62,John Wiggins,johnwiggins62,1963-11-4,58,F,xQMSHr@2
63,Seth Robertson,sethrobertson63,1981-4-12,40,M,TLdQiW@2
64,Stephen Rogers,stephenrogers64,1975-10-5,46,M,gtgIlq%6
65,Patricia Matthews,patriciamatthews65,1969-5-16,52,F,VmqpfR@6
66,Jennifer Norton,jennifernorton66,1963-5-27,58,F,xtAgRt*7
67,Maria Washington,mariawashington67,1965-6-30,56,F,SdnOji!1
68,Jordan Brown,jordanbrown68,1975-10-25,46,M,GRdMuj!2
69,Traci Wiggins,traciwiggins69,1960-7-15,61,M,PcAXdN%0
70,Sarah Jimenez,sarahjimenez70,1997-3-1,24,F,fOUuQz%2
71,Andre Stark,andrestark71,1983-4-23,38,F,TizuWw*6
72,Michael Simmons,michaelsimmons72,1992-8-16,29,F,HuHkHt%3
73,Angela Robertson,angelarobertson73,2003-12-23,18,F,lFmAAg!2
74,Christopher Hooper,christopherhooper74,1993-7-14,28,F,pSSels$1
75,Kim Williams,kimwilliams75,1965-6-11,56,M,JVWAHL*9
76,Valerie Jackson,valeriejackson76,1978-12-31,43,M,gfQoOB&9
77,Amy Fischer,amyfischer77,1987-3-23,34,M,eCjeLW%5
78,Jonathan Obrien,jonathanobrien78,1982-4-8,39,M,nAjdqa$3
79,Hannah Armstrong,hannaharmstrong79,2002-2-16,19,M,Nxlqwc&3
80,Edwin Romero,edwinromero80,1969-9-20,52,F,rEsIXI&9
81,Erin Jensen,erinjensen81,1978-11-12,43,F,miHUsi!8
82,Brian Smith,briansmith82,1993-5-31,28,M,ooPNCT^6
83,Jason Thornton,jasonthornton83,1990-10-29,31,F,ghQDpj@0
84,Daniel Lester,daniellester84,1975-3-26,46,F,VLveLl@2
85,Emma James,emmajames85,1995-4-11,26,F,LhMkrW^7
86,Luke Myers,lukemyers86,1968-7-13,53,M,oEpiwD&8
87,Cody Schmidt,codyschmidt87,1991-10-24,30,F,iAQpsA^1
88,Scott Freeman,scottfreeman88,1977-5-17,44,M,yKBjXA@1
89,Kelly Marquez,kellymarquez89,1972-10-19,49,M,rtmzxf&2
90,Johnny Malone,johnnymalone90,1968-2-8,53,F,rJriRR&5
91,Michael Johnson,michaeljohnson91,2003-9-3,18,F,ZhwRSo@6
92,Tiffany Patterson,tiffanypatterson92,1962-12-23,59,M,TqpdnL^2
93,Laura Hernandez,laurahernandez93,1997-12-21,24,F,bzjXZP*3
94,Anita Matthews,anitamatthews94,1987-2-29,34,F,FTukhr#2
95,Kevin Sexton,kevinsexton95,1971-7-31,50,M,oQObws@7
96,Randy Blake,randyblake96,1968-12-11,53,M,HtASzT$5
97,Lacey Madden,laceymadden97,1980-8-29,41,F,aRezcV!6
98,Tammy Martinez,tammymartinez98,1981-10-19,40,M,wzllpN#8
99,David Dominguez,daviddominguez99,1997-4-26,24,M,qfgwJU@8
100,April Martin,aprilmartin100,2005-6-12,16,M,fZTsSm@3
101,Cynthia Garcia,cynthiagarcia101,1964-9-11,57,F,zhghuZ$0
102,Crystal Lane,crystallane102,1972-11-27,49,M,mmBqEy@4
103,Kendra Hoover,kendrahoover103,1975-1-30,46,M,IyxezU%8
104,Sabrina Ware,sabrinaware104,2004-6-1,17,F,DQrkFe^5
105,Clinton Spencer,clintonspencer105,1976-3-15,45,F,RadZTr%4
106,Kelli Carney,kellicarney106,1981-7-2,40,F,qKMcJu*9
107,Lisa James,lisajames107,1967-4-2,54,M,nnMlgI^6
108,Theodore Landry,theodorelandry108,1960-1-19,61,M,PubpbT$0
109,Paula Andersen,paulaandersen109,1973-6-17,48,M,taOcgr&6
110,Steven Wong,stevenwong110,1965-8-12,56,F,wilici&7
111,Steven Rich,stevenrich111,1993-7-2,28,M,LajUmW%4
112,Jon Small,jonsmall112,1995-3-6,26,M,fDWtBj%2
113,Veronica Hall,veronicahall113,1998-4-14,23,M,mjMsYV!7
114,Roy Sweeney,roysweeney114,1961-10-26,60,F,NMjcFc#1
115,Amanda Palmer,amandapalmer115,1969-1-30,52,F,KyyMhT^5
116,Miss Alexandria Johnson DDS,missalexandriajohnsondds116,1962-3-11,59,M,sdgYIX&8
117,Robin Pierce,robinpierce117,1991-4-24,30,F,BCkSPp#7
118,George James,georgejames118,2002-11-20,19,M,BkvRIq#9
119,Billy Johnson,billyjohnson119,1992-3-9,29,M,ZUXsvI*9
120,Kevin Lee,kevinlee120,1964-7-12,57,F,Szesfk@0
121,Erika Sanchez,erikasanchez121,2005-6-1,16,M,XeRWIB&3
122,Ryan Smith,ryansmith122,1978-8-31,43,M,RqEFfw%9
123,Elizabeth Gonzalez,elizabethgonzalez123,1964-6-11,57,M,aJGVWP*2
124,Taylor Moreno,taylormoreno124,1979-7-14,42,M,OajZNq!1
125,Thomas Avila,thomasavila125,1998-9-25,23,F,etSdJK#6
126,Victoria Schmitt,victoriaschmitt126,1985-4-11,36,F,hRvFqn!6
127,Jason Pierce,jasonpierce127,1983-11-30,38,F,gaMowz&4
128,Jessica Leblanc,jessicaleblanc128,1992-6-15,29,M,TMjcmu#4
129,Valerie Rose,valerierose129,1970-7-24,51,F,vpzdWS!9
130,Cheryl Sanders,cherylsanders130,1971-4-5,50,F,rUTlMT%9
131,Tanya Singleton,tanyasingleton131,1966-10-13,55,F,OitprL@3
132,Elizabeth Anderson,elizabethanderson132,1980-4-16,41,M,QShooP!2
133,Sarah Martinez,sarahmartinez133,1974-9-8,47,F,bjHEHP^6
134,Linda Mccoy,lindamccoy134,1976-3-4,45,M,BJbfik^5
135,Brian Weber,brianweber135,2000-1-22,21,M,LYKXnP^4
136,Nicholas Dean,nicholasdean136,1981-1-18,40,M,WnNOGM&7
137,Nicholas Rodriguez,nicholasrodriguez137,1990-7-13,31,F,PgzepY@5
138,Brandi Hernandez,brandihernandez138,2003-4-30,18,M,lKwnZe%3
139,Samantha Phillips,samanthaphillips139,1994-2-27,27,M,vdzbax!3
140,Walter Riddle,walterriddle140,1969-6-24,52,M,UQWgew*4
141,Jeffrey Myers,jeffreymyers141,1970-2-31,51,M,XMOKZe%7
142,Crystal Strong,crystalstrong142,2000-4-1,21,M,ZjMGtV@5
143,Alyssa King,alyssaking143,1982-2-5,39,M,jvERLX*9
144,Christopher Sanders,christophersanders144,2000-11-7,21,F,trNLsY$9
145,Gary Tucker,garytucker145,1981-11-8,40,M,VCWCxl$3
146,Michael Gibbs,michaelgibbs146,1972-6-10,49,F,xgDwiv$1
147,Troy Wright,troywright147,1992-7-9,29,F,mFiCcx^3
148,Joshua Hunter,joshuahunter148,1964-6-19,57,M,vSPmqe#6
149,John Swanson,johnswanson149,1988-2-1,33,M,jUwDut@8
150,Benjamin Ward,benjaminward150,1974-2-3,47,F,vtGBCB@6
151,Aaron Nelson,aaronnelson151,1980-1-15,41,F,dtnvXh%5
152,Kendra Harris,kendraharris152,2005-3-4,16,F,XuGkvx%9
153,Hannah Garcia,hannahgarcia153,1973-1-28,48,F,dsptwD^7
154,John Miller,johnmiller154,2004-2-21,17,F,IspcNe&8
155,Sean Mendez,seanmendez155,1990-5-27,31,M,xmRwrU$3
156,Michelle Duarte,michelleduarte156,1995-6-9,26,F,qXRrZv@2
157,Lisa Miller,lisamiller157,1974-11-13,47,F,xYgMqa$5
158,Gabriel Graham,gabrielgraham158,1988-6-29,33,F,rMgYck^8
159,Jonathan Booker,jonathanbooker159,1998-3-26,23,M,MUSNbp$7
160,Jessica Herring,jessicaherring160,1980-4-28,41,F,PmYacz%9
161,Emily Smith,emilysmith161,1995-6-12,26,M,sLGHCh!7
162,Christopher Thomas,christopherthomas162,2003-2-10,18,F,kFaBGL$8
163,Tanya Gutierrez,tanyagutierrez163,1963-5-21,58,M,Mzvqan$8
164,Ruth Patterson,ruthpatterson164,2005-8-30,16,M,CekIer@9
165,Jerry Robinson,jerryrobinson165,1974-2-29,47,F,xaxZHS@1
166,Jake Mathews,jakemathews166,1991-10-26,30,F,ZmyICc&2
167,Hunter Stanley,hunterstanley167,1962-9-22,59,M,BiaFKA@5
168,Kristina Foster,kristinafoster168,1978-7-22,43,M,CmlfTH@9
169,Jason Murphy,jasonmurphy169,1988-1-16,33,F,IdhCNm@8
170,Maria Taylor,mariataylor170,1987-10-18,34,M,WcBWOr$5
171,Breanna Merritt,breannamerritt171,2005-1-21,16,F,MCmJCN^7
172,Ian Hurley,ianhurley172,1964-11-9,57,M,eNEsqU!2
173,Joseph Robinson,josephrobinson173,1962-7-17,59,F,JFjJQV#6
174,Theodore Wagner,theodorewagner174,1972-1-3,49,F,KtRPSH&6
175,Pamela Yates,pamelayates175,1977-5-24,44,F,Hkdnfe%7
176,Nicholas Burke,nicholasburke176,1971-1-30,50,F,KROiwV&6
177,Seth Garrison,sethgarrison177,1961-1-24,60,F,jcqmnv&0
178,Michelle Cooper,michellecooper178,1967-11-3,54,M,KQZiYW*9
179,James Nelson,jamesnelson179,1990-4-14,31,F,oTtJpX!2
180,Joshua Hansen,joshuahansen180,1994-10-5,27,F,TlFfck@6
181,Donna Ayala,donnaayala181,2001-4-17,20,F,dYenkm^1
182,Edwin Rodriguez,edwinrodriguez182,1980-8-13,41,F,ZGdvZA!0
183,Victor Reynolds,victorreynolds183,1982-12-25,39,F,qcvFUU!8
184,Sean Morris,seanmorris184,1998-6-2,23,M,ZhjvvF^7
185,Louis Arnold,louisarnold185,1998-3-22,23,F,gXgmIH!9
186,Jay Luna,jayluna186,1992-6-27,29,F,fwLKbW%6
187,Ryan Keith,ryankeith187,2005-3-26,16,F,WiHcaZ#1
188,Craig Smith,craigsmith188,1998-1-13,23,M,AuVFBS%7
189,Taylor Young,tayloryoung189,1991-7-6,30,F,uzqVnf^1
190,David Cox,davidcox190,1983-12-29,38,F,XCOkFC&4
191,Veronica Taylor,veronicataylor191,1983-1-25,38,M,ocvCQm#4
192,Katherine Melendez,katherinemelendez192,1986-3-4,35,F,HyQpXQ^5
193,Jamie Evans,jamieevans193,1990-11-2,31,F,CEWwxs@6
194,James Carter,jamescarter194,1985-11-5,36,M,oRpxLT%1
195,James Smith,jamessmith195,1999-5-10,22,M,yXywRZ$9
196,Amber Carson,ambercarson196,1994-7-21,27,F,IqGgqX&2
197,Brandon Brown,brandonbrown197,1984-8-14,37,F,IYbPBV$2
198,Rachel Williams,rachelwilliams198,2002-6-11,19,M,NnWPma^8
199,Elizabeth Powell,elizabethpowell199,2004-6-16,17,M,rvkPYb^1
200,David Malone,davidmalone200,2002-12-13,19,M,cgSZVp^5
201,Tyler Wolf,tylerwolf201,1978-4-14,43,M,lIwrWN*1
202,Teresa Salazar,teresasalazar202,1972-8-27,49,F,ckFqyN%2
203,Shelby Joseph,shelbyjoseph203,1976-7-28,45,M,xaFDHz^5
204,Steven Jones,stevenjones204,1978-2-8,43,M,DZctCk@6
205,Amanda Allison,amandaallison205,1999-3-17,22,M,eRHdbD^7
206,Kristin Rodriguez,kristinrodriguez206,1973-11-24,48,M,hprAxX@3
207,Patrick Hutchinson,patrickhutchinson207,1978-3-5,43,M,nSbyjM$5
208,Stephen Crawford,stephencrawford208,1969-3-6,52,M,xrAiqv$7
209,Alison Cooper,alisoncooper209,1988-7-3,33,M,FbfbWe!1
210,Michael Watson,michaelwatson210,1975-12-9,46,M,tkpwti%4
211,Christian Ramirez,christianramirez211,1966-9-24,55,F,NaSacd&7
212,Aaron Jackson,aaronjackson212,1976-3-11,45,F,bskLPG^9
213,Diana Bentley,dianabentley213,1993-9-4,28,M,vqtfbX!8
214,David Weaver DVM,davidweaverdvm214,1976-10-13,45,F,JBCUhs&5
215,Laurie Williams,lauriewilliams215,1981-6-1,40,F,oErmnS@0
216,Dominique Reed,dominiquereed216,1995-7-26,26,F,myfoCI&3
217,Jennifer Garcia,jennifergarcia217,1985-12-16,36,M,sCkSfu@0
218,Amy Shelton,amyshelton218,2001-4-14,20,F,YYapZn@1
219,Christopher Perry,christopherperry219,1969-7-12,52,F,pXieTy%2
220,Christina Winters,christinawinters220,2005-2-24,16,F,InqsHF@1
221,Colin Howe,colinhowe221,1989-11-7,32,F,LWguAF!1
222,Stacy Jones,stacyjones222,1973-7-13,48,M,LibQkv$4
223,Stephanie Porter,stephanieporter223,1979-3-28,42,M,AQWuES#3
224,Nicole Durham,nicoledurham224,1993-9-30,28,F,iNjBrC&4
225,David Francis,davidfrancis225,1962-2-28,59,M,fAWWed!6
226,Haley Cummings,haleycummings226,1960-4-11,61,M,aCrhSe@1
227,Jason Dudley,jasondudley227,1982-5-18,39,M,uJIKjG%9
228,Kimberly White,kimberlywhite228,1992-11-26,29,F,bIjkzT@1
229,Francis Clarke,francisclarke229,1962-6-30,59,F,SRXiub#2
230,Michael Mendoza,michaelmendoza230,1991-12-3,30,F,NxctOf@6
231,Robert Jones,robertjones231,1988-6-19,33,F,rhozwE!5
232,Kevin Salazar,kevinsalazar232,1984-8-4,37,F,zEgkOt*6
233,Michael Brandt,michaelbrandt233,2004-2-8,17,M,ooaeET@7
234,Mark Adams,markadams234,1986-5-1,35,F,finnTI%7
235,Vincent Brown,vincentbrown235,1987-7-24,34,F,fARxzc@3
236,Mrs. Megan Davis,mrs.megandavis236,1979-9-25,42,M,dOQmlI%4
237,Melissa Baker,melissabaker237,1988-7-1,33,F,qfNzsn*9
238,Mr. Kevin Phillips,mr.kevinphillips238,1960-8-10,61,M,YuPUKk^4
239,Nicholas Moore,nicholasmoore239,1985-9-21,36,F,fmgPDU!4
240,Briana Lara,brianalara240,1978-5-24,43,F,MBduna^7
241,Steven Morris,stevenmorris241,1974-7-28,47,M,WIZiAN%5
242,Lori Cooper,loricooper242,1999-1-3,22,F,UpjjZE$6
243,Kelsey White,kelseywhite243,1969-7-24,52,M,mPdRBc$3
244,Jessica Hall,jessicahall244,1984-9-7,37,M,YQQdbd@5
245,David Hahn,davidhahn245,1967-10-7,54,M,PGSTxv*4
246,Joseph Hartman DDS,josephhartmandds246,1981-3-1,40,F,VFUFdS*6
247,Eileen Newton,eileennewton247,1999-10-16,22,F,zEtwTM#0
248,Matthew Harris,matthewharris248,1978-10-17,43,M,CRGUPX*3
249,Christina Hardy,christinahardy249,1979-11-3,42,F,EqCsjf&7
250,Alexis Peck,alexispeck250,1968-9-9,53,M,JvVCQW@8
251,Andrew Freeman,andrewfreeman251,1969-10-27,52,F,xWUnfS^4
252,John Thomas,johnthomas252,2001-9-26,20,M,JdSQKg!4
253,Amber Pennington,amberpennington253,1980-9-13,41,F,WmtOXO&7
254,George Mcmillan,georgemcmillan254,1989-8-22,32,F,MDhaaS@1
255,Alexis Lopez,alexislopez255,1961-4-1,60,M,aJckTU*0
256,Roy Johnson,royjohnson256,1994-10-1,27,M,nrhIMH%5
257,Scott Jones,scottjones257,1960-9-17,61,F,XdGhQM%5
258,Dr. Michael Wright,dr.michaelwright258,1962-4-24,59,M,qfOkGZ%0
259,Vincent Ellis,vincentellis259,1990-9-5,31,M,JSevfJ*7
260,Stephanie Olson,stephanieolson260,1982-2-8,39,M,lpXeNm$3
261,Blake Bennett,blakebennett261,1976-9-19,45,M,qxZraH&0
262,Ashley Smith,ashleysmith262,1997-10-23,24,M,PnpqbS*9
263,Bill Stanley,billstanley263,1968-6-13,53,F,ZcATss^1
264,Matthew Dudley,matthewdudley264,1961-7-24,60,F,qVxblL@3
265,Martha Dixon,marthadixon265,1998-1-7,23,M,YjdSSP#7
266,Cathy Koch,cathykoch266,1970-5-6,51,M,teOiZy!5
267,Sarah Cox,sarahcox267,1972-10-10,49,F,LqWzLR*2
268,Lori Hernandez,lorihernandez268,1974-12-8,47,M,EpyJLt#3
269,Patrick Grant,patrickgrant269,1980-10-31,41,F,ygJCFg*8
270,Holly Miller,hollymiller270,1982-11-21,39,M,rmxcaZ%9
271,Charles Adams,charlesadams271,1979-11-28,42,M,DPfWjq!2
272,Tyler Henderson,tylerhenderson272,1977-10-3,44,F,dFKCXV@0
273,David Martinez,davidmartinez273,1960-6-2,61,M,rbrxUW%5
274,Christopher Hudson,christopherhudson274,1996-8-8,25,F,vfZBGd#9
275,Paula Sanders,paulasanders275,1974-7-15,47,F,HPXfxA$0
276,Frances Smith,francessmith276,1991-2-8,30,M,tkADjw%0
277,Peggy Hahn,peggyhahn277,2002-3-25,19,M,AmbumA#9
278,Tina Walton,tinawalton278,2004-2-27,17,M,ddBFZo#4
279,Robert Davis,robertdavis279,1983-3-13,38,M,fLryeJ&9
280,Kristen Williams,kristenwilliams280,1991-9-22,30,M,hMQqGb*2
281,Charles Banks,charlesbanks281,1999-10-24,22,M,JApOHS%4
282,James Pena,jamespena282,1966-2-22,55,F,uYuRmA^6
283,William Russell,williamrussell283,1980-4-17,41,F,LSuUGP$2
284,Angela Watson,angelawatson284,1993-6-31,28,M,EyanMK*4
285,Ronald Kirk,ronaldkirk285,1987-12-16,34,M,vJceef!6
286,Andrew White,andrewwhite286,1976-8-25,45,M,lMptDE#6
287,Donald Guerrero,donaldguerrero287,1983-5-6,38,M,rrFMTJ%2
288,Rachel Kennedy,rachelkennedy288,1996-6-30,25,M,rupMOa!6
289,Rebekah Rios,rebekahrios289,1967-11-29,54,F,mSboZF^3
290,James Thomas,jamesthomas290,1996-2-24,25,F,yoIuFR%3
291,Ian Brewer,ianbrewer291,1985-9-15,36,M,DOAYOn#1
292,George Chung,georgechung292,1975-12-31,46,M,YeWhTJ&3
293,Cassandra Rose,cassandrarose293,1978-12-31,43,M,swpDOO%9
294,Julie Nunez,julienunez294,1979-2-13,42,M,QtlGTE&4
295,Madison Oconnor,madisonoconnor295,1998-10-2,23,F,pwnosd@5
296,Cody Chavez,codychavez296,2004-2-9,17,M,bSxAzr&2
297,Marilyn Johnson,marilynjohnson297,1972-12-2,49,F,ezIgpY$3
298,Erica Sullivan,ericasullivan298,1989-7-7,32,F,qGncBs*3
299,John Marshall,johnmarshall299,1983-7-29,38,F,dEweRc&8
300,Jenna Harrell,jennaharrell300,1993-12-5,28,M,OcaQtc#7
301,Alexis Mendez,alexismendez301,1965-5-18,56,F,TtcCXH%5
302,Laura Snow,laurasnow302,2001-5-22,20,F,twCznV*6
303,Melissa Howard,melissahoward303,1997-6-12,24,M,vBEqrb@5
304,Leslie Benson,lesliebenson304,1995-9-7,26,M,zNhXIy@4
305,Justin Perez,justinperez305,1970-4-19,51,M,ypqgRE$1
306,Melissa Carr,melissacarr306,1985-3-28,36,M,YbHLwp&9
307,Phillip Benjamin,phillipbenjamin307,1972-10-21,49,M,WDTJaS*6
308,Samantha Clarke,samanthaclarke308,1962-5-9,59,F,kSdotn@1
309,Jennifer Myers,jennifermyers309,1992-5-31,29,M,jNHDPf^0
310,Jenna Diaz,jennadiaz310,1981-3-10,40,F,lCdcrY%2
311,Marissa Choi,marissachoi311,1977-9-21,44,F,aUOIFF^8
312,Troy Mitchell,troymitchell312,1984-4-17,37,F,seheVZ^5
313,Deborah Hardy,deborahhardy313,1968-5-21,53,F,rLlPRh&3
314,Shawn Williams,shawnwilliams314,1962-2-7,59,F,uWnfjQ&2
315,Blake Cooper,blakecooper315,1986-2-7,35,F,MFbdnE^9
316,Bryan Brown,bryanbrown316,1992-7-25,29,F,LXrFFC&3
317,Cassidy Arnold,cassidyarnold317,1982-3-28,39,M,IdXtLV#2
318,James Patterson,jamespatterson318,1982-2-4,39,M,PKiiuF&6
319,Nathan Hall,nathanhall319,1982-9-3,39,F,WTZlmP&0
320,David Martin,davidmartin320,1966-8-10,55,M,QErlkd&2
321,Mikayla Morgan,mikaylamorgan321,1994-11-30,27,F,ANNfNh%6
322,Richard Brown,richardbrown322,1969-3-8,52,F,cHzSDq&3
323,Rebecca Dominguez,rebeccadominguez323,1962-10-7,59,F,EpLdkX^9
324,Manuel Morris,manuelmorris324,1968-6-17,53,M,KqYtHD!1
325,Tony Nunez,tonynunez325,1991-8-7,30,F,NoBooZ@1
326,Alicia Cortez,aliciacortez326,1980-5-15,41,F,FxHjvP@1
327,Colleen Ford,colleenford327,1978-8-6,43,F,mtbfDe!3
328,Angela Mcintosh,angelamcintosh328,1976-12-7,45,F,MbEfyC&1
329,Brittany Fox,brittanyfox329,2000-3-13,21,F,plgYzh%7
330,Mr. Douglas Aguirre,mr.douglasaguirre330,1966-11-9,55,M,dUnztG*3
331,Alicia Morris,aliciamorris331,1992-6-2,29,F,jitoic$9
332,Felicia Wolf,feliciawolf332,1963-12-23,58,F,FagFKw%1
333,Tiffany Archer,tiffanyarcher333,1999-5-3,22,M,tpGHEb*3
334,Amanda Weber,amandaweber334,2000-10-22,21,M,TYPiNS#1
335,Kimberly Lopez,kimberlylopez335,1961-10-21,60,F,CMCyjS!3
336,James Finley,jamesfinley336,1993-12-4,28,M,ScPITn#3
337,Lisa Atkinson,lisaatkinson337,1982-8-29,39,M,zTEiFO#0
338,Michelle Wolf,michellewolf338,1973-10-6,48,F,mUMkMH@5
339,Hannah Bishop,hannahbishop339,2003-8-5,18,M,aLvPhx@8
340,Timothy Carlson,timothycarlson340,1976-3-29,45,F,mEHDNW$6
341,Brian Townsend,briantownsend341,2001-5-28,20,F,EXnkAb^0
342,Clayton Lopez,claytonlopez342,1989-4-28,32,M,AykHjW%7
343,Diana Weaver,dianaweaver343,1964-12-19,57,M,BeQkFF!1
344,Alyssa Keller,alyssakeller344,1980-1-29,41,F,KNeNBI^3
345,Michelle Nelson,michellenelson345,1965-1-30,56,F,YXFXzF$6
346,Ronald Jimenez,ronaldjimenez346,1975-10-3,46,F,uDPJmg@1
347,Jasmine Garcia,jasminegarcia347,2003-3-13,18,F,gXnsjP@7
348,Steven Brown,stevenbrown348,1993-5-20,28,M,LMrRmW!5
349,Louis Sampson,louissampson349,1991-2-20,30,F,eCXvwJ$0
350,Samuel Nguyen,samuelnguyen350,1990-1-10,31,M,NTyLeI#6
351,Tiffany Duarte,tiffanyduarte351,1979-10-28,42,M,CWJmtE@4
352,Ricardo Flores,ricardoflores352,1979-11-5,42,F,WLMjwX#0
353,Melanie Mcfarland,melaniemcfarland353,1981-11-11,40,F,tjFKYq#8
354,Jeffrey Lin,jeffreylin354,1986-9-5,35,M,oIAOrb@5
355,Carrie Parker,carrieparker355,1980-2-21,41,M,bvIGYW!0
356,Douglas Parsons,douglasparsons356,1970-12-31,51,F,ChneQJ%8
357,Daniel Harrington,danielharrington357,1973-11-26,48,F,wThVnR$3
358,Cody Johnson,codyjohnson358,1996-6-25,25,F,efPXen$0
359,Dennis Kirk,denniskirk359,1987-7-8,34,F,PiHCVj!7
360,Ann Flores,annflores360,2004-3-3,17,M,MoUtwA*9
361,Carolyn Velasquez,carolynvelasquez361,1980-7-22,41,M,BFRpNx&3
362,Kayla Simpson,kaylasimpson362,1973-4-11,48,F,jMapqS^2
363,Michael Branch,michaelbranch363,1995-8-18,26,F,hLbusi@5
364,Tiffany Perez,tiffanyperez364,1984-9-4,37,M,UdwBSF@7
365,Susan Simmons,susansimmons365,1966-9-26,55,F,tncGmJ!3
366,Autumn Valenzuela,autumnvalenzuela366,1964-1-3,57,F,qXJSFO!5
367,Christina Miles,christinamiles367,1971-12-23,50,F,GMXzbv!5
368,Kelly Delgado,kellydelgado368,1982-6-14,39,M,zuNqPw^4
369,Katie Collins,katiecollins369,2005-2-26,16,F,UevtVb#9
370,Charlene Rodriguez,charlenerodriguez370,1961-9-21,60,M,qFAPgl@2
371,Catherine Young,catherineyoung371,1998-10-16,23,F,GJeVSF!9
372,Lindsey Green,lindseygreen372,1969-12-12,52,F,RqmbCR*3
373,Stephen Harris,stephenharris373,1980-2-16,41,M,rXUoHq@3
374,John Torres,johntorres374,1980-4-12,41,M,rGjbZY@6
375,Derek Pena,derekpena375,1978-8-25,43,F,JFFjNy$9
376,Ashley Wilson,ashleywilson376,1985-2-4,36,F,DWUtdy&4
377,Elizabeth Sanchez,elizabethsanchez377,1995-6-7,26,F,lLIuoE@5
378,Mark Haas,markhaas378,1966-7-1,55,F,dSrFlU@0
379,Thomas Johnson,thomasjohnson379,1991-3-28,30,F,xuqwDp#4
380,Thomas Swanson,thomasswanson380,1972-1-8,49,F,Lenedd%5
381,Justin Garcia,justingarcia381,1978-8-8,43,F,qHCuzO%2
382,Adam Williams,adamwilliams382,2004-1-11,17,M,rfBmKc*5
383,Carrie Clark,carrieclark383,1968-9-22,53,M,rkgfFj!0
384,Heather Scott,heatherscott384,1995-2-12,26,M,QWrDGP%4
385,Elizabeth Cantu,elizabethcantu385,1992-12-17,29,M,FGGnMM&9
386,Angela Watkins,angelawatkins386,1960-3-8,61,F,nKfHOy@7
387,James Whitehead,jameswhitehead387,2004-11-15,17,M,zpSXAk*0
388,Mr. John Johns,mr.johnjohns388,1974-11-2,47,F,btUjBQ!9
389,Cynthia Freeman,cynthiafreeman389,1973-7-23,48,M,SBOZvy#0
390,Travis Garcia,travisgarcia390,1991-3-17,30,M,yaJlbV*9
391,Katie Logan,katielogan391,1993-11-2,28,M,lIUYKe%5
392,Sara Snyder,sarasnyder392,1988-5-6,33,M,LzRBJj#2
393,Susan Burnett,susanburnett393,1971-4-28,50,M,yUubaU%8
394,Christopher Gutierrez,christophergutierrez394,1965-3-13,56,F,HuuMxA%2
395,Julia Shaffer,juliashaffer395,1993-8-14,28,M,bmWHws*4
396,Jared Harrison,jaredharrison396,1997-1-16,24,M,ImfRYg!2
397,Leslie Reeves,lesliereeves397,1989-11-29,32,M,cjykPE@3
398,Heather Mccoy,heathermccoy398,1972-5-7,49,F,leRYMb@2
399,Hailey Logan,haileylogan399,1964-4-30,57,F,KdeDlG#2
400,Heather Morrison,heathermorrison400,2003-3-3,18,F,coxSCq#3
401,Duane Smith,duanesmith401,1989-5-19,32,M,HqvKGJ&6
402,Kenneth Daniels,kennethdaniels402,1989-2-13,32,M,JGPNjj&6
403,Mrs. Lisa Schultz,mrs.lisaschultz403,1978-8-29,43,F,bSaMpr@4
404,David Washington,davidwashington404,2003-9-13,18,F,nyPVJN&2
405,Adam Martin,adammartin405,1984-6-24,37,M,UtippS^3
406,Jack King,jackking406,1991-9-24,30,M,uupNlN#0
407,Gloria Nelson,glorianelson407,1962-8-9,59,M,QmFSVR$6
408,Peter Oconnor,peteroconnor408,2003-4-22,18,M,LzIjyx#3
409,Keith Howell,keithhowell409,1968-4-22,53,F,zpLAUu!5
410,Zachary Carey,zacharycarey410,1970-6-22,51,M,PlGety%0
411,Daniel Henry DDS,danielhenrydds411,1962-12-5,59,M,fUbIhz^6
412,Crystal Martinez,crystalmartinez412,1978-9-9,43,F,kkhOeH#6
413,Jerry Vaughn,jerryvaughn413,1964-2-25,57,M,QmkhkE^1
414,Heather Miller,heathermiller414,2001-1-21,20,M,AcmIGX^8
415,Corey Matthews,coreymatthews415,1991-5-29,30,M,yueIOt^2
416,Marisa Wallace,marisawallace416,1966-4-14,55,M,uUWRqR$2
417,Catherine Gonzalez,catherinegonzalez417,1993-3-3,28,F,ROzWVs&0
418,Joseph Harris,josephharris418,1966-9-4,55,F,EtLmaC%6
419,Julie Hurley,juliehurley419,1967-12-17,54,M,srgCNE$0
420,Kimberly Edwards,kimberlyedwards420,1995-3-8,26,F,sUffTa#8
421,Morgan Moore,morganmoore421,1983-2-27,38,F,TADyer^9
422,Joseph Williams,josephwilliams422,1998-4-14,23,F,sXUsZv*4
423,Gary Turner,garyturner423,1979-4-28,42,M,Ssovua&5
424,Taylor Huber,taylorhuber424,1966-1-15,55,M,KHDleA#2
425,Gina Estrada,ginaestrada425,1962-7-1,59,M,tPXKeR!6
426,Michael Thomas,michaelthomas426,1986-6-31,35,F,APKlrO!8
427,Jennifer Powell MD,jenniferpowellmd427,1990-10-24,31,F,LlCUgo%3
428,Mrs. Deanna Garcia PhD,mrs.deannagarciaphd428,1989-7-4,32,F,nrWOlZ#7
429,Taylor Byrd,taylorbyrd429,1988-1-17,33,F,MYfIqJ*2
430,Suzanne Avila,suzanneavila430,1989-6-8,32,F,umKeUi@4
431,Manuel Elliott,manuelelliott431,1963-5-30,58,M,KrYhho@0
432,Karen Tran,karentran432,1973-8-28,48,M,ndCQsA%0
433,Tanya Mason,tanyamason433,1977-4-11,44,M,mhLgGH!6
434,Heather Brooks,heatherbrooks434,1966-12-1,55,M,EbzMtk*3
435,Derrick Keith,derrickkeith435,1996-3-12,25,M,aMwCKH#0
436,Andrea Lee,andrealee436,2002-6-10,19,M,HPRUwD$4
437,Alison Patterson,alisonpatterson437,1974-6-16,47,M,QQeMZu#4
438,Jonathan Lopez,jonathanlopez438,1979-8-13,42,F,Mfzcbj@3
439,David Villarreal,davidvillarreal439,1986-8-8,35,F,BCzCRz%5
440,Katelyn Morgan,katelynmorgan440,1960-4-31,61,F,hlxTYF@5
441,Melissa Davis,melissadavis441,1961-6-16,60,M,Euravy!3
442,Kim Sutton,kimsutton442,1984-8-5,37,F,YyNjsc!8
443,Lynn Green,lynngreen443,2003-9-15,18,M,rcEGWN^9
444,Sara Ortiz,saraortiz444,1981-7-2,40,M,YDjRQE&0
445,Richard Schmitt,richardschmitt445,1990-4-17,31,F,IvXxMn#6
446,Brendan Ford Jr.,brendanfordjr.446,1978-2-2,43,F,DeuNnC*3
447,David Keller,davidkeller447,1960-12-6,61,M,ucFCrM%4
448,Leah Dixon,leahdixon448,1994-11-25,27,F,qBuITE^9
449,Margaret Nelson,margaretnelson449,1965-7-28,56,F,ipiIGJ#3
450,Richard Hughes,richardhughes450,1987-1-15,34,F,QpJOJf$3
451,Daniel Armstrong,danielarmstrong451,1973-8-17,48,F,TrYRGs#2
452,Larry Boyd,larryboyd452,1971-10-5,50,F,vbhWgJ!2
453,Lisa Foster,lisafoster453,1986-8-31,35,M,nSGUkl*5
454,Deborah Moore,deborahmoore454,1995-3-7,26,M,lsCBfg#2
455,Claudia Parks,claudiaparks455,1967-8-30,54,M,bbAvle*9
456,Craig Harris,craigharris456,1968-7-3,53,F,MdWHEU%2
457,Teresa Graham,teresagraham457,2002-9-27,19,F,PQAVcU#9
458,Mary Floyd,maryfloyd458,2001-7-23,20,M,TWkRbI%5
459,Shari Bentley,sharibentley459,1960-5-27,61,F,IidmGh@7
460,Kelly Long,kellylong460,1979-10-16,42,F,lCmeIj@6
461,Thomas Foster,thomasfoster461,2001-6-1,20,M,YtGaSY%5
462,Elizabeth Heath,elizabethheath462,1988-5-11,33,M,KGMuji%9
463,Joel Hicks,joelhicks463,1964-12-1,57,F,UOwMVg!4
464,Kevin Sloan,kevinsloan464,1984-3-14,37,F,aBYmHh%1
465,Justin Ochoa,justinochoa465,1991-2-26,30,F,ILOkkw&8
466,James Ford,jamesford466,1981-7-23,40,F,kRyWhL*8
467,Kristin Johnson,kristinjohnson467,1997-8-19,24,F,wZRgYp%1
468,Rita Owens,ritaowens468,1967-11-13,54,F,RyOIYF$8
469,Paul Mejia,paulmejia469,1979-9-18,42,M,PNRGaE*9
470,Parker Beck,parkerbeck470,1994-4-19,27,M,XnXmrV#6
471,Martin Gibson,martingibson471,1965-4-26,56,M,iRZuFu&7
472,John Herrera,johnherrera472,1995-5-8,26,F,jgkHfR&5
473,Kayla Acosta,kaylaacosta473,1985-9-11,36,M,UIzbQy^7
474,Robert Jones,robertjones474,1965-10-19,56,F,ThEeNd$0
475,Blake Lowery,blakelowery475,2002-7-28,19,M,RFqvEp%1
476,David Ellison Jr.,davidellisonjr.476,2002-4-1,19,F,YtXPsT^1
477,Robert Brown,robertbrown477,1961-5-5,60,M,ExoLPX%1
478,Steven Hinton,stevenhinton478,1969-8-15,52,F,CTdCOj%4
479,Amber Thompson,amberthompson479,1983-11-25,38,M,XIvFZl!3
480,Tiffany Phillips,tiffanyphillips480,1994-12-19,27,F,hBqwTu@9
481,Kenneth Snyder MD,kennethsnydermd481,1963-12-13,58,F,XnQEbJ$8
482,Krystal Kirk,krystalkirk482,1987-10-31,34,F,SqjKJn&9
483,Melissa King,melissaking483,1978-4-18,43,M,MPUUPj^7
484,Alexis Steele MD,alexissteelemd484,1964-9-15,57,M,XTnhIi%4
485,Linda Massey,lindamassey485,1997-1-8,24,F,HtGvwT@2
486,Linda Brown,lindabrown486,1963-3-27,58,M,dWQbxt*3
487,Jordan Wallace,jordanwallace487,1964-7-13,57,F,XyqUNo@2
488,Evan Lawrence,evanlawrence488,1981-2-3,40,M,KIdTxL^4
489,David Jordan,davidjordan489,1964-10-5,57,F,SBbEhn%0
490,Cynthia Sparks,cynthiasparks490,1998-9-14,23,M,AmtdQo&4
491,Ryan Dorsey,ryandorsey491,2004-11-1,17,F,obQyoj&8
492,Sarah Allen DDS,sarahallendds492,1972-9-4,49,M,WjJKri$9
493,Bryce White,brycewhite493,1963-8-28,58,M,tXazrz$8
494,Maria Allen,mariaallen494,1996-12-10,25,F,WUzOxn&8
495,Brandon Drake,brandondrake495,1966-6-8,55,M,YZXwoy*6
496,Nicolas Bailey,nicolasbailey496,1981-2-10,40,F,gAErJB$0
497,Benjamin Wall,benjaminwall497,1984-11-15,37,F,yDCflz&9
498,David Hamilton,davidhamilton498,1998-10-13,23,F,gbfhWL&6
499,Michele Garcia,michelegarcia499,1978-8-11,43,F,dftkwp@5
500,Christian Carter,christiancarter500,1979-12-3,42,M,ynOdZR!6
501,Jose Miller,josemiller501,1992-5-16,29,M,kLWwbp$7
502,Mr. Steven Hernandez,mr.stevenhernandez502,1964-5-3,57,F,OmohYC@2
503,Alan Jefferson,alanjefferson503,1997-2-23,24,M,JcoUKU@1
504,Anna Daniels,annadaniels504,1999-5-2,22,F,nyymEP^9
505,Derrick Collier,derrickcollier505,1984-12-7,37,F,opETDH#0
506,Dana Mills,danamills506,1964-12-22,57,F,aivkQC#1
507,James Francis,jamesfrancis507,1999-10-13,22,F,UUeKbE^0
508,Melinda Silva,melindasilva508,1975-2-7,46,F,eXUzQL$6
509,Crystal Spencer,crystalspencer509,1975-5-24,46,F,zDwsqk@3
510,Jason Scott,jasonscott510,1979-1-10,42,F,fOqUZw$6
511,Jeanette Rodriguez MD,jeanetterodriguezmd511,1993-2-18,28,F,AJaRPU%5
512,Barbara Lindsey,barbaralindsey512,1963-9-19,58,M,oyXJqd#1
513,Barbara Reilly,barbarareilly513,1976-4-4,45,M,dASRwH$0
514,Joseph Barrera,josephbarrera514,2004-2-27,17,F,luKiOO#7
515,Angela Dominguez,angeladominguez515,2001-12-4,20,M,NmxXRb@5
516,Tamara Freeman,tamarafreeman516,1960-7-28,61,F,rBDaeR$6
517,Arthur Martinez,arthurmartinez517,2005-6-8,16,F,lNZUiK^7
518,Anthony Cook,anthonycook518,1981-12-11,40,M,MgNzQv#8
519,Meredith Leonard,meredithleonard519,1969-8-18,52,M,MSgrOz#9
520,Cheryl Gordon,cherylgordon520,1998-5-4,23,M,vqZxas%5
521,Nicole Coffey,nicolecoffey521,1996-4-9,25,M,QExHmC%0
522,Diana Robles,dianarobles522,1999-1-13,22,M,iHOzyS&8
523,Tiffany Alexander,tiffanyalexander523,1983-11-25,38,M,ijZcaL@9
524,Joseph Shaffer,josephshaffer524,1981-2-4,40,F,fHAlek^8
525,William Weber,williamweber525,1986-8-10,35,F,wZhglh&0
526,Sarah Torres,sarahtorres526,1963-2-4,58,M,vTVSXe$4
527,Anna Meyer,annameyer527,1975-5-8,46,F,aQtbVk^7
528,Nicholas Martinez,nicholasmartinez528,1970-11-13,51,F,fipcmE@6
529,Christopher Thomas,christopherthomas529,1986-10-25,35,F,wrrKZt&5
530,Laura Obrien,lauraobrien530,1976-10-21,45,M,mKdBbi#0
531,Frederick Williamson,frederickwilliamson531,1961-4-17,60,F,gWVrGd@5
532,Mark Blair,markblair532,1961-7-2,60,M,tEOSNj%9
533,Antonio Hunter,antoniohunter533,1997-5-31,24,F,eDtxzY^3
534,Sandy Jones,sandyjones534,1991-10-22,30,M,suCEty$9
535,Joseph Berry,josephberry535,1985-4-4,36,M,GXqZFo*7
536,Elizabeth Gray,elizabethgray536,1996-3-30,25,F,mrXxPl^6
537,George Smith,georgesmith537,1969-9-10,52,M,nuWsBu$2
538,Jennifer Contreras,jennifercontreras538,1986-7-15,35,F,FDzIDU*8
539,Kimberly Gardner,kimberlygardner539,1992-6-9,29,M,IVuZrj@5
540,Nicole Johnson,nicolejohnson540,1994-3-24,27,F,hgKENF$2
541,Jennifer Lin,jenniferlin541,1995-8-1,26,F,VicmEV@1
542,Dylan Rich,dylanrich542,1982-10-27,39,M,YRbBog^0
543,Melissa Aguirre,melissaaguirre543,1975-10-18,46,M,SslpYU!2
544,Zachary Bowers,zacharybowers544,1963-1-16,58,M,KtBthK*4
545,Victor Brown,victorbrown545,1989-4-31,32,M,ZmXnyw#0
546,Susan Rivers,susanrivers546,2003-8-6,18,M,PbRIwt@7
547,Darlene Garcia,darlenegarcia547,1987-10-19,34,M,XbGyQN&0
548,Paul Fox,paulfox548,1966-6-9,55,M,Yfzgkq&7
549,Brian Campbell,briancampbell549,1969-6-5,52,F,ZJExbe@2
550,Crystal Hunt,crystalhunt550,1989-3-30,32,M,dLNvoV#6
551,Mathew Wilson,mathewwilson551,1963-8-28,58,F,sSqghG!6
552,Patricia Cox,patriciacox552,1978-9-22,43,F,qgMuKj*0
553,Carlos Yang,carlosyang553,2000-2-20,21,M,IsgtsQ%8
554,Noah Oneill,noahoneill554,1968-6-28,53,M,cevSsA$8
555,Renee Davis,reneedavis555,1998-8-11,23,M,JpDWIK^4
556,Dylan Bowers,dylanbowers556,2002-11-24,19,F,vTUfSM#6
557,Denise Brown,denisebrown557,1987-6-14,34,F,qIdmQf@9
558,James Harris,jamesharris558,1964-1-24,57,F,PhemoI*1
559,Jessica Meyer,jessicameyer559,1970-4-13,51,M,gWuVZz%6
560,Lee Shelton,leeshelton560,1966-6-18,55,M,WQCPva*1
561,Brooke Wagner MD,brookewagnermd561,1994-2-2,27,F,fTctPp%4
562,John Nelson,johnnelson562,2005-3-27,16,F,yDikcm^1
563,Jonathan Cooper,jonathancooper563,1973-8-19,48,F,Tqppkw#3
564,Robert Brooks,robertbrooks564,1998-12-6,23,M,nEgfxd%9
565,Veronica Benjamin,veronicabenjamin565,2002-12-13,19,F,NRJHlY*9
566,Timothy Fox,timothyfox566,1972-2-28,49,F,tFuqqZ*5
567,Kenneth Pitts,kennethpitts567,2002-11-13,19,F,WlPBzR$6
568,Brandy Fowler,brandyfowler568,1966-3-25,55,F,SgdqgB%3
569,Cheryl Valenzuela MD,cherylvalenzuelamd569,1974-6-17,47,M,XWEvGy$3
570,Catherine Trujillo,catherinetrujillo570,2002-3-21,19,M,ICuIUb*5
571,Kimberly Long,kimberlylong571,1981-8-30,40,M,HgfGOn@7
572,Amanda Pearson,amandapearson572,1974-6-28,47,M,tEypvg@5
573,Mathew Smith,mathewsmith573,1975-6-23,46,F,KnvnCc!4
574,Michelle Robinson,michellerobinson574,1968-10-2,53,M,KkWcfp#1
575,Vincent Glass,vincentglass575,1966-1-29,55,F,ZTnlXq#0
576,Luis Werner,luiswerner576,1961-12-17,60,M,aflwwd&2
577,Robert Bush,robertbush577,1967-6-30,54,F,iZPcfp$8
578,Craig Bowman,craigbowman578,1994-7-2,27,M,OyEGaB%4
579,Terry Holder,terryholder579,1974-8-28,47,F,MAItZn&5
580,Jennifer Berry,jenniferberry580,2003-2-7,18,M,ayQixd@2
581,Bradley Jones,bradleyjones581,1982-4-7,39,M,DIjwUV#0
582,Mark Ruiz,markruiz582,1964-4-6,57,F,HJHjpr#7
583,Meghan Shah,meghanshah583,1979-8-22,42,M,ErWdPc@3
584,Robert Gallegos,robertgallegos584,2000-9-12,21,F,eaWerj!0
585,Leslie Brady,lesliebrady585,1989-1-15,32,F,xbWQFm%0
586,Patrick Thomas,patrickthomas586,1989-7-29,32,F,TRzkpa%5
587,Sue Mason,suemason587,1980-1-12,41,M,xnYffX&4
588,Kelsey Jenkins,kelseyjenkins588,1978-5-13,43,M,vmPNuJ%7
589,Debra Sharp,debrasharp589,2003-9-29,18,M,UbkCFI@1
590,Daniel Potts,danielpotts590,1982-5-25,39,F,AsAseH$4
591,John Schneider,johnschneider591,2005-4-22,16,F,LanXDt&1
592,Melissa Matthews,melissamatthews592,1962-8-24,59,M,UemSpZ^6
593,David Smith,davidsmith593,1984-12-13,37,F,RnIazF*8
594,Tiffany Montoya,tiffanymontoya594,1994-3-28,27,F,IXuniY&9
595,Andrea Wilson,andreawilson595,1973-6-3,48,F,tsuJWz#8
596,Miguel Marshall,miguelmarshall596,1998-12-18,23,M,rplZkP&2
597,Sara Stewart,sarastewart597,2004-12-20,17,F,nXxWrX@7
598,Terry Mullins,terrymullins598,1980-7-15,41,M,QruvAB!5
599,Gregory Beard,gregorybeard599,1988-5-15,33,F,KuzwrI&1
600,Henry Compton,henrycompton600,1978-12-7,43,M,PvSfeZ^1
601,Mia Coleman,miacoleman601,2002-11-19,19,M,CPkzJO&7
602,Samantha Matthews DDS,samanthamatthewsdds602,1982-10-28,39,M,YpFMdi*9
603,Jackie Bradford,jackiebradford603,1974-11-15,47,M,hJnzvl*4
604,Angelica Rodriguez,angelicarodriguez604,1989-11-20,32,M,Omfuax%5
605,Susan Campbell,susancampbell605,1968-12-19,53,M,JiztpU*9
606,Madeline Hodge,madelinehodge606,1993-9-10,28,M,JRdzEl*6
607,David Farmer,davidfarmer607,1990-5-23,31,M,eJwxAm!7
608,Felicia Green,feliciagreen608,1967-7-30,54,M,SibCrf*7
609,Douglas Wright,douglaswright609,1960-3-24,61,M,iGjJmx#4
610,Holly Lopez,hollylopez610,1980-5-21,41,F,moBStM%2
611,Joshua Moore,joshuamoore611,2005-9-16,16,M,JrQAiR%1
612,Katherine Martin,katherinemartin612,1992-10-25,29,M,uICRDW*8
613,Ashley Roberts,ashleyroberts613,1994-4-3,27,M,naQeaI@4
614,James Giles,jamesgiles614,1960-6-12,61,M,hxRdTL*7
615,Sierra Chandler,sierrachandler615,1963-6-10,58,M,YFWBRj^7
616,Daniel Mcbride,danielmcbride616,1983-7-13,38,M,fLCSGx#4
617,Adrienne Miller,adriennemiller617,1979-9-4,42,F,jcNpPC$6
618,Leslie Kennedy,lesliekennedy618,1979-5-1,42,M,OIkjLS&9
619,Lynn Nichols,lynnnichols619,1960-7-5,61,M,UfFSLJ%3
620,Daniel Michael,danielmichael620,1984-3-7,37,F,aSIzFG&5
621,Dawn Wood,dawnwood621,1984-6-4,37,F,okPSNK^8
622,Kathleen Cordova,kathleencordova622,1994-7-16,27,M,ctBYwZ@9
623,Renee Ford,reneeford623,1963-11-9,58,F,bNNaIo!2
624,Karen Avila,karenavila624,1972-12-13,49,M,trjpYU%9
625,Michael Williams,michaelwilliams625,1968-4-28,53,M,TvqpkB&7
626,Jeffrey Harris,jeffreyharris626,1989-10-22,32,M,gXwBAZ*1
627,Guy Davis,guydavis627,1966-12-20,55,F,nECCxv%8
628,Krista Baird,kristabaird628,2002-1-17,19,M,ciwCQF$5
629,Betty Ramos,bettyramos629,1982-10-16,39,M,UVmMjU#8
630,Glenn Mitchell,glennmitchell630,1963-6-12,58,F,KAXMSd&9
631,Christopher Chandler,christopherchandler631,1982-12-30,39,M,xaEvtl*2
632,Kelly Gomez,kellygomez632,1982-7-18,39,F,qKtEdY&7
633,Pamela Anthony,pamelaanthony633,1965-12-18,56,F,sUUJxX!8
634,Tanya Johnson,tanyajohnson634,1983-8-29,38,M,cBPYsW%6
635,Kathleen Jacobs,kathleenjacobs635,1969-6-5,52,F,FmjpuM@3
636,Beverly Mcdonald,beverlymcdonald636,2004-9-25,17,M,DNwKOy!0
637,Robert Wilson,robertwilson637,1978-3-7,43,F,ivtOyu$4
638,Michael Garcia,michaelgarcia638,1993-9-20,28,M,OINLuf%9
639,Shelby Silva,shelbysilva639,2001-12-27,20,M,adcpJO@7
640,Deborah Skinner,deborahskinner640,1964-9-19,57,M,mFEyeE^7
641,Kimberly Smith,kimberlysmith641,1987-9-20,34,F,qPYVnS%9
642,Jason Delacruz,jasondelacruz642,1996-7-16,25,M,NZErZj#2
643,Mr. John Conrad,mr.johnconrad643,1977-12-16,44,F,sAIYRw@3
644,Jonathan Bowen,jonathanbowen644,1977-2-5,44,M,rOOqhw!3
645,Kayla Aguirre,kaylaaguirre645,1976-12-18,45,M,Cgoxho^3
646,Joshua Elliott,joshuaelliott646,1961-1-20,60,M,VmqAEt&4
647,Elizabeth Franklin,elizabethfranklin647,1971-10-3,50,F,wddIAx&4
648,Matthew Levy,matthewlevy648,1995-11-19,26,F,ryYysA*0
649,Elizabeth Garrison,elizabethgarrison649,2002-2-5,19,F,BjlYog$8
650,Jeremiah Bell,jeremiahbell650,1998-12-5,23,F,MRKfae$9
651,Karen Frazier,karenfrazier651,1986-9-30,35,M,QbioEo#7
652,Rebecca Brown,rebeccabrown652,1995-6-7,26,M,vYUYTl&0
653,Jonathan Cobb,jonathancobb653,1971-9-29,50,M,RsLqgh$2
654,Jesse Bradley,jessebradley654,1963-12-10,58,F,OBNyqI*3
655,Emily Willis,emilywillis655,1962-3-14,59,M,jJNztr!3
656,Amy Morton,amymorton656,1968-9-21,53,F,uRJlVI!6
657,Donna Thompson,donnathompson657,2000-1-6,21,F,elsYRD^5
658,Mrs. Lisa Bradshaw,mrs.lisabradshaw658,1982-11-9,39,M,fXMxdi&2
659,Monica Branch,monicabranch659,1974-11-12,47,F,qGXhTB*3
660,Shawn Davis,shawndavis660,1972-1-12,49,M,nMCvvO%7
661,Melanie Williams,melaniewilliams661,1972-8-29,49,M,GhOlVl*8
662,Michele Watson,michelewatson662,1979-5-16,42,M,kWlvrf@0
663,Amber Lee,amberlee663,1981-8-14,40,F,ecJsHS^3
664,Donald Munoz,donaldmunoz664,1995-5-20,26,F,mEqSCA@8
665,Brittney Stewart,brittneystewart665,1968-3-13,53,F,ctlymy*5
666,Laura Garcia,lauragarcia666,1983-9-13,38,M,nASFvI*5
667,Erika Walsh,erikawalsh667,1989-7-17,32,M,rjOSFu*3
668,Katherine Brooks,katherinebrooks668,1991-6-30,30,M,ziAjcU!5
669,Henry Watkins,henrywatkins669,1960-9-14,61,F,fITTwF^2
670,Sarah Calhoun,sarahcalhoun670,1962-5-20,59,F,FIDvKh@7
671,Michelle Taylor,michelletaylor671,1980-7-27,41,M,AfspQN$6
