userId,name,username,dob,age,gender
1,Omar Huffman,omarhuffman1,1990-12-14,31,M,
2,Mr. Jason Love,mr.jasonlove2,1975-7-3,46,M,
3,Angela Thompson,angelathompson3,1993-3-5,28,F,
4,Jessica Sherman,jessicasherman4,1973-7-13,48,M,
5,Oscar Harmon,oscarharmon5,1988-8-24,33,M,
6,Jessica Wilson,jessicawilson6,1985-11-29,36,M,
7,Kyle Bailey,kylebailey7,1994-9-9,27,M,
8,John Henderson,johnhenderson8,2000-1-23,21,F,
9,Tracey Irwin,traceyirwin9,1961-11-6,60,F,
10,Margaret Allen,margaretallen10,1968-1-17,53,M,
11,Stacy Grant,stacygrant11,1975-8-25,46,M,
12,Kim Brooks,kimbrooks12,1998-4-30,23,M,
13,Nicholas Bolton,nicholasbolton13,1990-11-9,31,F,
14,Laurie Kirk,lauriekirk14,1999-6-2,22,F,
15,Angela Garcia,angelagarcia15,1994-4-13,27,M,
16,Wayne Smith,waynesmith16,1989-12-10,32,F,
17,Dylan Robinson,dylanrobinson17,1964-10-4,57,M,
18,Katie Brown,katiebrown18,1960-4-9,61,F,
19,Misty Williams,mistywilliams19,1967-1-5,54,F,
20,Nicole Ramsey,nicoleramsey20,1973-7-16,48,F,
21,William Smith,williamsmith21,1984-4-1,37,F,
22,Anthony Espinoza,anthonyespinoza22,1972-7-19,49,F,
23,Julia Compton,juliacompton23,1981-6-29,40,F,
24,Joseph Chambers,josephchambers24,1980-2-9,41,M,
25,Jennifer Cohen,jennifercohen25,1974-4-18,47,M,
26,Theodore Barnett,theodorebarnett26,2002-2-22,19,M,
27,Frank Davis,frankdavis27,1973-10-15,48,M,
28,Michael Stone,michaelstone28,1988-6-3,33,F,
29,Kathleen Schroeder,kathleenschroeder29,1992-11-25,29,F,
30,Aaron Castro,aaroncastro30,1999-4-26,22,M,
31,Andrew Willis,andrewwillis31,1989-4-31,32,F,
32,Angela Carr,angelacarr32,1982-3-18,39,M,
33,Cynthia Owens,cynthiaowens33,1977-7-1,44,F,
34,Courtney Salinas,courtneysalinas34,1994-1-30,27,M,
35,Sierra Thomas,sierrathomas35,1984-3-12,37,F,
36,Cody Lopez,codylopez36,1976-3-25,45,F,
37,Kevin Hill,kevinhill37,2001-5-6,20,M,
38,Michelle Harris,michelleharris38,1980-12-2,41,M,
39,James Nunez,jamesnunez39,2002-8-7,19,F,
40,Cynthia Wilkerson,cynthiawilkerson40,1965-2-3,56,M,
41,Rhonda Simon MD,rhondasimonmd41,1987-7-27,34,F,
42,Todd Gonzalez,toddgonzalez42,1995-1-15,26,M,
43,Russell Price,russellprice43,1988-2-20,33,M,
44,Shelley Booth,shelleybooth44,1972-12-23,49,M,
45,Ashley Lloyd,ashleylloyd45,1964-5-18,57,M,
46,Jennifer Allen,jenniferallen46,1969-9-18,52,M,
47,Randall Bray,randallbray47,1977-10-17,44,F,
48,Gabriel Davila,gabrieldavila48,1964-6-16,57,F,
49,Michael Williamson,michaelwilliamson49,1964-5-27,57,F,
50,Robin Smith,robinsmith50,1983-7-23,38,M,
51,Bradley Cooper,bradleycooper51,1973-2-10,48,F,
52,Erika Pearson,erikapearson52,1982-5-9,39,M,
53,Patricia Johnson,patriciajohnson53,2004-10-22,17,F,
54,Linda Whitaker,lindawhitaker54,1995-11-30,26,M,
55,Daniel Martin,danielmartin55,1964-8-19,57,M,
56,Dr. Angela Johnson,dr.angelajohnson56,2002-2-14,19,F,
57,David Armstrong,davidarmstrong57,1960-12-7,61,M,
58,Michael Hill,michaelhill58,1998-2-1,23,F,
59,Evelyn Dixon,evelyndixon59,1979-3-7,42,F,
60,Joshua Robinson,joshuarobinson60,2003-7-7,18,M,
61,Michael Arnold,michaelarnold61,1975-7-7,46,M,
62,John Wiggins,johnwiggins62,1963-11-4,58,F,
63,Seth Robertson,sethrobertson63,1981-4-12,40,M,
64,Stephen Rogers,stephenrogers64,1975-10-5,46,M,
65,Patricia Matthews,patriciamatthews65,1969-5-16,52,F,
66,Jennifer Norton,jennifernorton66,1963-5-27,58,F,
67,Maria Washington,mariawashington67,1965-6-30,56,F,
68,Jordan Brown,jordanbrown68,1975-10-25,46,M,
69,Traci Wiggins,traciwiggins69,1960-7-15,61,M,
70,Sarah Jimenez,sarahjimenez70,1997-3-1,24,F,
71,Andre Stark,andrestark71,1983-4-23,38,F,
72,Michael Simmons,michaelsimmons72,1992-8-16,29,F,
73,Angela Robertson,angelarobertson73,2003-12-23,18,F,
74,Christopher Hooper,christopherhooper74,1993-7-14,28,F,
75,Kim Williams,kimwilliams75,1965-6-11,56,M,
76,Valerie Jackson,valeriejackson76,1978-12-31,43,M,
77,Amy Fischer,amyfischer77,1987-3-23,34,M,
78,Jonathan Obrien,jonathanobrien78,1982-4-8,39,M,
79,Hannah Armstrong,hannaharmstrong79,2002-2-16,19,M,
80,Edwin Romero,edwinromero80,1969-9-20,52,F,
81,Erin Jensen,erinjensen81,1978-11-12,43,F,
82,Brian Smith,briansmith82,1993-5-31,28,M,
83,Jason Thornton,jasonthornton83,1990-10-29,31,F,
84,Daniel Lester,daniellester84,1975-3-26,46,F,
85,Emma James,emmajames85,1995-4-11,26,F,
86,Luke Myers,lukemyers86,1968-7-13,53,M,
87,Cody Schmidt,codyschmidt87,1991-10-24,30,F,
88,Scott Freeman,scottfreeman88,1977-5-17,44,M,
89,Kelly Marquez,kellymarquez89,1972-10-19,49,M,
90,Johnny Malone,johnnymalone90,1968-2-8,53,F,
91,Michael Johnson,michaeljohnson91,2003-9-3,18,F,
92,Tiffany Patterson,tiffanypatterson92,1962-12-23,59,M,
93,Laura Hernandez,laurahernandez93,1997-12-21,24,F,
94,Anita Matthews,anitamatthews94,1987-2-29,34,F,
95,Kevin Sexton,kevinsexton95,1971-7-31,50,M,
96,Randy Blake,randyblake96,1968-12-11,53,M,
97,Lacey Madden,laceymadden97,1980-8-29,41,F,
98,Tammy Martinez,tammymartinez98,1981-10-19,40,M,
99,David Dominguez,daviddominguez99,1997-4-26,24,M,
100,April Martin,aprilmartin100,2005-6-12,16,M,
101,Cynthia Garcia,cynthiagarcia101,1964-9-11,57,F,
102,Crystal Lane,crystallane102,1972-11-27,49,M,
103,Kendra Hoover,kendrahoover103,1975-1-30,46,M,
104,Sabrina Ware,sabrinaware104,2004-6-1,17,F,
105,Clinton Spencer,clintonspencer105,1976-3-15,45,F,
106,Kelli Carney,kellicarney106,1981-7-2,40,F,
107,Lisa James,lisajames107,1967-4-2,54,M,
108,Theodore Landry,theodorelandry108,1960-1-19,61,M,
109,Paula Andersen,paulaandersen109,1973-6-17,48,M,
110,Steven Wong,stevenwong110,1965-8-12,56,F,
111,Steven Rich,stevenrich111,1993-7-2,28,M,
112,Jon Small,jonsmall112,1995-3-6,26,M,
113,Veronica Hall,veronicahall113,1998-4-14,23,M,
114,Roy Sweeney,roysweeney114,1961-10-26,60,F,
115,Amanda Palmer,amandapalmer115,1969-1-30,52,F,
116,Miss Alexandria Johnson DDS,missalexandriajohnsondds116,1962-3-11,59,M,
117,Robin Pierce,robinpierce117,1991-4-24,30,F,
118,George James,georgejames118,2002-11-20,19,M,
119,Billy Johnson,billyjohnson119,1992-3-9,29,M,
120,Kevin Lee,kevinlee120,1964-7-12,57,F,
121,Erika Sanchez,erikasanchez121,2005-6-1,16,M,
122,Ryan Smith,ryansmith122,1978-8-31,43,M,
123,Elizabeth Gonzalez,elizabethgonzalez123,1964-6-11,57,M,
124,Taylor Moreno,taylormoreno124,1979-7-14,42,M,
125,Thomas Avila,thomasavila125,1998-9-25,23,F,
126,Victoria Schmitt,victoriaschmitt126,1985-4-11,36,F,
127,Jason Pierce,jasonpierce127,1983-11-30,38,F,
128,Jessica Leblanc,jessicaleblanc128,1992-6-15,29,M,
129,Valerie Rose,valerierose129,1970-7-24,51,F,
130,Cheryl Sanders,cherylsanders130,1971-4-5,50,F,
131,Tanya Singleton,tanyasingleton131,1966-10-13,55,F,
132,Elizabeth Anderson,elizabethanderson132,1980-4-16,41,M,
133,Sarah Martinez,sarahmartinez133,1974-9-8,47,F,
134,Linda Mccoy,lindamccoy134,1976-3-4,45,M,
135,Brian Weber,brianweber135,2000-1-22,21,M,
136,Nicholas Dean,nicholasdean136,1981-1-18,40,M,
137,Nicholas Rodriguez,nicholasrodriguez137,1990-7-13,31,F,
138,Brandi Hernandez,brandihernandez138,2003-4-30,18,M,
139,Samantha Phillips,samanthaphillips139,1994-2-27,27,M,
140,Walter Riddle,walterriddle140,1969-6-24,52,M,
141,Jeffrey Myers,jeffreymyers141,1970-2-31,51,M,
142,Crystal Strong,crystalstrong142,2000-4-1,21,M,
143,Alyssa King,alyssaking143,1982-2-5,39,M,
144,Christopher Sanders,christophersanders144,2000-11-7,21,F,
145,Gary Tucker,garytucker145,1981-11-8,40,M,
146,Michael Gibbs,michaelgibbs146,1972-6-10,49,F,
147,Troy Wright,troywright147,1992-7-9,29,F,
148,Joshua Hunter,joshuahunter148,1964-6-19,57,M,
149,John Swanson,johnswanson149,1988-2-1,33,M,
150,Benjamin Ward,benjaminward150,1974-2-3,47,F,
151,Aaron Nelson,aaronnelson151,1980-1-15,41,F,
152,Kendra Harris,kendraharris152,2005-3-4,16,F,
153,Hannah Garcia,hannahgarcia153,1973-1-28,48,F,
154,John Miller,johnmiller154,2004-2-21,17,F,
155,Sean Mendez,seanmendez155,1990-5-27,31,M,
156,Michelle Duarte,michelleduarte156,1995-6-9,26,F,
157,Lisa Miller,lisamiller157,1974-11-13,47,F,
158,Gabriel Graham,gabrielgraham158,1988-6-29,33,F,
159,Jonathan Booker,jonathanbooker159,1998-3-26,23,M,
160,Jessica Herring,jessicaherring160,1980-4-28,41,F,
161,Emily Smith,emilysmith161,1995-6-12,26,M,
162,Christopher Thomas,christopherthomas162,2003-2-10,18,F,
163,Tanya Gutierrez,tanyagutierrez163,1963-5-21,58,M,
164,Ruth Patterson,ruthpatterson164,2005-8-30,16,M,
165,Jerry Robinson,jerryrobinson165,1974-2-29,47,F,
166,Jake Mathews,jakemathews166,1991-10-26,30,F,
167,Hunter Stanley,hunterstanley167,1962-9-22,59,M,
168,Kristina Foster,kristinafoster168,1978-7-22,43,M,
169,Jason Murphy,jasonmurphy169,1988-1-16,33,F,
170,Maria Taylor,mariataylor170,1987-10-18,34,M,
171,Breanna Merritt,breannamerritt171,2005-1-21,16,F,
172,Ian Hurley,ianhurley172,1964-11-9,57,M,
173,Joseph Robinson,josephrobinson173,1962-7-17,59,F,
174,Theodore Wagner,theodorewagner174,1972-1-3,49,F,
175,Pamela Yates,pamelayates175,1977-5-24,44,F,
176,Nicholas Burke,nicholasburke176,1971-1-30,50,F,
177,Seth Garrison,sethgarrison177,1961-1-24,60,F,
178,Michelle Cooper,michellecooper178,1967-11-3,54,M,
179,James Nelson,jamesnelson179,1990-4-14,31,F,
180,Joshua Hansen,joshuahansen180,1994-10-5,27,F,
181,Donna Ayala,donnaayala181,2001-4-17,20,F,
182,Edwin Rodriguez,edwinrodriguez182,1980-8-13,41,F,
183,Victor Reynolds,victorreynolds183,1982-12-25,39,F,
184,Sean Morris,seanmorris184,1998-6-2,23,M,
185,Louis Arnold,louisarnold185,1998-3-22,23,F,
186,Jay Luna,jayluna186,1992-6-27,29,F,
187,Ryan Keith,ryankeith187,2005-3-26,16,F,
188,Craig Smith,craigsmith188,1998-1-13,23,M,
189,Taylor Young,tayloryoung189,1991-7-6,30,F,
190,David Cox,davidcox190,1983-12-29,38,F,
191,Veronica Taylor,veronicataylor191,1983-1-25,38,M,
192,Katherine Melendez,katherinemelendez192,1986-3-4,35,F,
193,Jamie Evans,jamieevans193,1990-11-2,31,F,
194,James Carter,jamescarter194,1985-11-5,36,M,
195,James Smith,jamessmith195,1999-5-10,22,M,
196,Amber Carson,ambercarson196,1994-7-21,27,F,
197,Brandon Brown,brandonbrown197,1984-8-14,37,F,
198,Rachel Williams,rachelwilliams198,2002-6-11,19,M,
199,Elizabeth Powell,elizabethpowell199,2004-6-16,17,M,
200,David Malone,davidmalone200,2002-12-13,19,M,
201,Tyler Wolf,tylerwolf201,1978-4-14,43,M,
202,Teresa Salazar,teresasalazar202,1972-8-27,49,F,
203,Shelby Joseph,shelbyjoseph203,1976-7-28,45,M,
204,Steven Jones,stevenjones204,1978-2-8,43,M,
205,Amanda Allison,amandaallison205,1999-3-17,22,M,
206,Kristin Rodriguez,kristinrodriguez206,1973-11-24,48,M,
207,Patrick Hutchinson,patrickhutchinson207,1978-3-5,43,M,
208,Stephen Crawford,stephencrawford208,1969-3-6,52,M,
209,Alison Cooper,alisoncooper209,1988-7-3,33,M,
210,Michael Watson,michaelwatson210,1975-12-9,46,M,
211,Christian Ramirez,christianramirez211,1966-9-24,55,F,
212,Aaron Jackson,aaronjackson212,1976-3-11,45,F,
213,Diana Bentley,dianabentley213,1993-9-4,28,M,
214,David Weaver DVM,davidweaverdvm214,1976-10-13,45,F,
215,Laurie Williams,lauriewilliams215,1981-6-1,40,F,
216,Dominique Reed,dominiquereed216,1995-7-26,26,F,
217,Jennifer Garcia,jennifergarcia217,1985-12-16,36,M,
218,Amy Shelton,amyshelton218,2001-4-14,20,F,
219,Christopher Perry,christopherperry219,1969-7-12,52,F,
220,Christina Winters,christinawinters220,2005-2-24,16,F,
221,Colin Howe,colinhowe221,1989-11-7,32,F,
222,Stacy Jones,stacyjones222,1973-7-13,48,M,
223,Stephanie Porter,stephanieporter223,1979-3-28,42,M,
224,Nicole Durham,nicoledurham224,1993-9-30,28,F,
225,David Francis,davidfrancis225,1962-2-28,59,M,
226,Haley Cummings,haleycummings226,1960-4-11,61,M,
227,Jason Dudley,jasondudley227,1982-5-18,39,M,
228,Kimberly White,kimberlywhite228,1992-11-26,29,F,
229,Francis Clarke,francisclarke229,1962-6-30,59,F,
230,Michael Mendoza,michaelmendoza230,1991-12-3,30,F,
231,Robert Jones,robertjones231,1988-6-19,33,F,
232,Kevin Salazar,kevinsalazar232,1984-8-4,37,F,
233,Michael Brandt,michaelbrandt233,2004-2-8,17,M,
234,Mark Adams,markadams234,1986-5-1,35,F,
235,Vincent Brown,vincentbrown235,1987-7-24,34,F,
236,Mrs. Megan Davis,mrs.megandavis236,1979-9-25,42,M,
237,Melissa Baker,melissabaker237,1988-7-1,33,F,
238,Mr. Kevin Phillips,mr.kevinphillips238,1960-8-10,61,M,
239,Nicholas Moore,nicholasmoore239,1985-9-21,36,F,
240,Briana Lara,brianalara240,1978-5-24,43,F,
241,Steven Morris,stevenmorris241,1974-7-28,47,M,
242,Lori Cooper,loricooper242,1999-1-3,22,F,
243,Kelsey White,kelseywhite243,1969-7-24,52,M,
244,Jessica Hall,jessicahall244,1984-9-7,37,M,
245,David Hahn,davidhahn245,1967-10-7,54,M,
246,Joseph Hartman DDS,josephhartmandds246,1981-3-1,40,F,
247,Eileen Newton,eileennewton247,1999-10-16,22,F,
248,Matthew Harris,matthewharris248,1978-10-17,43,M,
249,Christina Hardy,christinahardy249,1979-11-3,42,F,
250,Alexis Peck,alexispeck250,1968-9-9,53,M,
251,Andrew Freeman,andrewfreeman251,1969-10-27,52,F,
252,John Thomas,johnthomas252,2001-9-26,20,M,
253,Amber Pennington,amberpennington253,1980-9-13,41,F,
254,George Mcmillan,georgemcmillan254,1989-8-22,32,F,
255,Alexis Lopez,alexislopez255,1961-4-1,60,M,
256,Roy Johnson,royjohnson256,1994-10-1,27,M,
257,Scott Jones,scottjones257,1960-9-17,61,F,
258,Dr. Michael Wright,dr.michaelwright258,1962-4-24,59,M,
259,Vincent Ellis,vincentellis259,1990-9-5,31,M,
260,Stephanie Olson,stephanieolson260,1982-2-8,39,M,
261,Blake Bennett,blakebennett261,1976-9-19,45,M,
262,Ashley Smith,ashleysmith262,1997-10-23,24,M,
263,Bill Stanley,billstanley263,1968-6-13,53,F,
264,Matthew Dudley,matthewdudley264,1961-7-24,60,F,
265,Martha Dixon,marthadixon265,1998-1-7,23,M,
266,Cathy Koch,cathykoch266,1970-5-6,51,M,
267,Sarah Cox,sarahcox267,1972-10-10,49,F,
268,Lori Hernandez,lorihernandez268,1974-12-8,47,M,
269,Patrick Grant,patrickgrant269,1980-10-31,41,F,
270,Holly Miller,hollymiller270,1982-11-21,39,M,
271,Charles Adams,charlesadams271,1979-11-28,42,M,
272,Tyler Henderson,tylerhenderson272,1977-10-3,44,F,
273,David Martinez,davidmartinez273,1960-6-2,61,M,
274,Christopher Hudson,christopherhudson274,1996-8-8,25,F,
275,Paula Sanders,paulasanders275,1974-7-15,47,F,
276,Frances Smith,francessmith276,1991-2-8,30,M,
277,Peggy Hahn,peggyhahn277,2002-3-25,19,M,
278,Tina Walton,tinawalton278,2004-2-27,17,M,
279,Robert Davis,robertdavis279,1983-3-13,38,M,
280,Kristen Williams,kristenwilliams280,1991-9-22,30,M,
281,Charles Banks,charlesbanks281,1999-10-24,22,M,
282,James Pena,jamespena282,1966-2-22,55,F,
283,William Russell,williamrussell283,1980-4-17,41,F,
284,Angela Watson,angelawatson284,1993-6-31,28,M,
285,Ronald Kirk,ronaldkirk285,1987-12-16,34,M,
286,Andrew White,andrewwhite286,1976-8-25,45,M,
287,Donald Guerrero,donaldguerrero287,1983-5-6,38,M,
288,Rachel Kennedy,rachelkennedy288,1996-6-30,25,M,
289,Rebekah Rios,rebekahrios289,1967-11-29,54,F,
290,James Thomas,jamesthomas290,1996-2-24,25,F,
291,Ian Brewer,ianbrewer291,1985-9-15,36,M,
292,George Chung,georgechung292,1975-12-31,46,M,
293,Cassandra Rose,cassandrarose293,1978-12-31,43,M,
294,Julie Nunez,julienunez294,1979-2-13,42,M,
295,Madison Oconnor,madisonoconnor295,1998-10-2,23,F,
296,Cody Chavez,codychavez296,2004-2-9,17,M,
297,Marilyn Johnson,marilynjohnson297,1972-12-2,49,F,
298,Erica Sullivan,ericasullivan298,1989-7-7,32,F,
299,John Marshall,johnmarshall299,1983-7-29,38,F,
300,Jenna Harrell,jennaharrell300,1993-12-5,28,M,
301,Alexis Mendez,alexismendez301,1965-5-18,56,F,
302,Laura Snow,laurasnow302,2001-5-22,20,F,
303,Melissa Howard,melissahoward303,1997-6-12,24,M,
304,Leslie Benson,lesliebenson304,1995-9-7,26,M,
305,Justin Perez,justinperez305,1970-4-19,51,M,
306,Melissa Carr,melissacarr306,1985-3-28,36,M,
307,Phillip Benjamin,phillipbenjamin307,1972-10-21,49,M,
308,Samantha Clarke,samanthaclarke308,1962-5-9,59,F,
309,Jennifer Myers,jennifermyers309,1992-5-31,29,M,
310,Jenna Diaz,jennadiaz310,1981-3-10,40,F,
311,Marissa Choi,marissachoi311,1977-9-21,44,F,
312,Troy Mitchell,troymitchell312,1984-4-17,37,F,
313,Deborah Hardy,deborahhardy313,1968-5-21,53,F,
314,Shawn Williams,shawnwilliams314,1962-2-7,59,F,
315,Blake Cooper,blakecooper315,1986-2-7,35,F,
316,Bryan Brown,bryanbrown316,1992-7-25,29,F,
317,Cassidy Arnold,cassidyarnold317,1982-3-28,39,M,
318,James Patterson,jamespatterson318,1982-2-4,39,M,
319,Nathan Hall,nathanhall319,1982-9-3,39,F,
320,David Martin,davidmartin320,1966-8-10,55,M,
321,Mikayla Morgan,mikaylamorgan321,1994-11-30,27,F,
322,Richard Brown,richardbrown322,1969-3-8,52,F,
323,Rebecca Dominguez,rebeccadominguez323,1962-10-7,59,F,
324,Manuel Morris,manuelmorris324,1968-6-17,53,M,
325,Tony Nunez,tonynunez325,1991-8-7,30,F,
326,Alicia Cortez,aliciacortez326,1980-5-15,41,F,
327,Colleen Ford,colleenford327,1978-8-6,43,F,
328,Angela Mcintosh,angelamcintosh328,1976-12-7,45,F,
329,Brittany Fox,brittanyfox329,2000-3-13,21,F,
330,Mr. Douglas Aguirre,mr.douglasaguirre330,1966-11-9,55,M,
331,Alicia Morris,aliciamorris331,1992-6-2,29,F,
332,Felicia Wolf,feliciawolf332,1963-12-23,58,F,
333,Tiffany Archer,tiffanyarcher333,1999-5-3,22,M,
334,Amanda Weber,amandaweber334,2000-10-22,21,M,
335,Kimberly Lopez,kimberlylopez335,1961-10-21,60,F,
336,James Finley,jamesfinley336,1993-12-4,28,M,
337,Lisa Atkinson,lisaatkinson337,1982-8-29,39,M,
338,Michelle Wolf,michellewolf338,1973-10-6,48,F,
339,Hannah Bishop,hannahbishop339,2003-8-5,18,M,
340,Timothy Carlson,timothycarlson340,1976-3-29,45,F,
341,Brian Townsend,briantownsend341,2001-5-28,20,F,
342,Clayton Lopez,claytonlopez342,1989-4-28,32,M,
343,Diana Weaver,dianaweaver343,1964-12-19,57,M,
344,Alyssa Keller,alyssakeller344,1980-1-29,41,F,
345,Michelle Nelson,michellenelson345,1965-1-30,56,F,
346,Ronald Jimenez,ronaldjimenez346,1975-10-3,46,F,
347,Jasmine Garcia,jasminegarcia347,2003-3-13,18,F,
348,Steven Brown,stevenbrown348,1993-5-20,28,M,
349,Louis Sampson,louissampson349,1991-2-20,30,F,
350,Samuel Nguyen,samuelnguyen350,1990-1-10,31,M,
351,Tiffany Duarte,tiffanyduarte351,1979-10-28,42,M,
352,Ricardo Flores,ricardoflores352,1979-11-5,42,F,
353,Melanie Mcfarland,melaniemcfarland353,1981-11-11,40,F,
354,Jeffrey Lin,jeffreylin354,1986-9-5,35,M,
355,Carrie Parker,carrieparker355,1980-2-21,41,M,
356,Douglas Parsons,douglasparsons356,1970-12-31,51,F,
357,Daniel Harrington,danielharrington357,1973-11-26,48,F,
358,Cody Johnson,codyjohnson358,1996-6-25,25,F,
359,Dennis Kirk,denniskirk359,1987-7-8,34,F,
360,Ann Flores,annflores360,2004-3-3,17,M,
361,Carolyn Velasquez,carolynvelasquez361,1980-7-22,41,M,
362,Kayla Simpson,kaylasimpson362,1973-4-11,48,F,
363,Michael Branch,michaelbranch363,1995-8-18,26,F,
364,Tiffany Perez,tiffanyperez364,1984-9-4,37,M,
365,Susan Simmons,susansimmons365,1966-9-26,55,F,
366,Autumn Valenzuela,autumnvalenzuela366,1964-1-3,57,F,
367,Christina Miles,christinamiles367,1971-12-23,50,F,
368,Kelly Delgado,kellydelgado368,1982-6-14,39,M,
369,Katie Collins,katiecollins369,2005-2-26,16,F,
370,Charlene Rodriguez,charlenerodriguez370,1961-9-21,60,M,
371,Catherine Young,catherineyoung371,1998-10-16,23,F,
372,Lindsey Green,lindseygreen372,1969-12-12,52,F,
373,Stephen Harris,stephenharris373,1980-2-16,41,M,
374,John Torres,johntorres374,1980-4-12,41,M,
375,Derek Pena,derekpena375,1978-8-25,43,F,
376,Ashley Wilson,ashleywilson376,1985-2-4,36,F,
377,Elizabeth Sanchez,elizabethsanchez377,1995-6-7,26,F,
378,Mark Haas,markhaas378,1966-7-1,55,F,
379,Thomas Johnson,thomasjohnson379,1991-3-28,30,F,
380,Thomas Swanson,thomasswanson380,1972-1-8,49,F,
381,Justin Garcia,justingarcia381,1978-8-8,43,F,
382,Adam Williams,adamwilliams382,2004-1-11,17,M,
383,Carrie Clark,carrieclark383,1968-9-22,53,M,
384,Heather Scott,heatherscott384,1995-2-12,26,M,
385,Elizabeth Cantu,elizabethcantu385,1992-12-17,29,M,
386,Angela Watkins,angelawatkins386,1960-3-8,61,F,
387,James Whitehead,jameswhitehead387,2004-11-15,17,M,
388,Mr. John Johns,mr.johnjohns388,1974-11-2,47,F,
389,Cynthia Freeman,cynthiafreeman389,1973-7-23,48,M,
390,Travis Garcia,travisgarcia390,1991-3-17,30,M,
391,Katie Logan,katielogan391,1993-11-2,28,M,
392,Sara Snyder,sarasnyder392,1988-5-6,33,M,
393,Susan Burnett,susanburnett393,1971-4-28,50,M,
394,Christopher Gutierrez,christophergutierrez394,1965-3-13,56,F,
395,Julia Shaffer,juliashaffer395,1993-8-14,28,M,
396,Jared Harrison,jaredharrison396,1997-1-16,24,M,
397,Leslie Reeves,lesliereeves397,1989-11-29,32,M,
398,Heather Mccoy,heathermccoy398,1972-5-7,49,F,
399,Hailey Logan,haileylogan399,1964-4-30,57,F,
400,Heather Morrison,heathermorrison400,2003-3-3,18,F,
401,Duane Smith,duanesmith401,1989-5-19,32,M,
402,Kenneth Daniels,kennethdaniels402,1989-2-13,32,M,
403,Mrs. Lisa Schultz,mrs.lisaschultz403,1978-8-29,43,F,
404,David Washington,davidwashington404,2003-9-13,18,F,
405,Adam Martin,adammartin405,1984-6-24,37,M,
406,Jack King,jackking406,1991-9-24,30,M,
407,Gloria Nelson,glorianelson407,1962-8-9,59,M,
408,Peter Oconnor,peteroconnor408,2003-4-22,18,M,
409,Keith Howell,keithhowell409,1968-4-22,53,F,
410,Zachary Carey,zacharycarey410,1970-6-22,51,M,
411,Daniel Henry DDS,danielhenrydds411,1962-12-5,59,M,
412,Crystal Martinez,crystalmartinez412,1978-9-9,43,F,
413,Jerry Vaughn,jerryvaughn413,1964-2-25,57,M,
414,Heather Miller,heathermiller414,2001-1-21,20,M,
415,Corey Matthews,coreymatthews415,1991-5-29,30,M,
416,Marisa Wallace,marisawallace416,1966-4-14,55,M,
417,Catherine Gonzalez,catherinegonzalez417,1993-3-3,28,F,
418,Joseph Harris,josephharris418,1966-9-4,55,F,
419,Julie Hurley,juliehurley419,1967-12-17,54,M,
420,Kimberly Edwards,kimberlyedwards420,1995-3-8,26,F,
421,Morgan Moore,morganmoore421,1983-2-27,38,F,
422,Joseph Williams,josephwilliams422,1998-4-14,23,F,
423,Gary Turner,garyturner423,1979-4-28,42,M,
424,Taylor Huber,taylorhuber424,1966-1-15,55,M,
425,Gina Estrada,ginaestrada425,1962-7-1,59,M,
426,Michael Thomas,michaelthomas426,1986-6-31,35,F,
427,Jennifer Powell MD,jenniferpowellmd427,1990-10-24,31,F,
428,Mrs. Deanna Garcia PhD,mrs.deannagarciaphd428,1989-7-4,32,F,
429,Taylor Byrd,taylorbyrd429,1988-1-17,33,F,
430,Suzanne Avila,suzanneavila430,1989-6-8,32,F,
431,Manuel Elliott,manuelelliott431,1963-5-30,58,M,
432,Karen Tran,karentran432,1973-8-28,48,M,
433,Tanya Mason,tanyamason433,1977-4-11,44,M,
434,Heather Brooks,heatherbrooks434,1966-12-1,55,M,
435,Derrick Keith,derrickkeith435,1996-3-12,25,M,
436,Andrea Lee,andrealee436,2002-6-10,19,M,
437,Alison Patterson,alisonpatterson437,1974-6-16,47,M,
438,Jonathan Lopez,jonathanlopez438,1979-8-13,42,F,
439,David Villarreal,davidvillarreal439,1986-8-8,35,F,
440,Katelyn Morgan,katelynmorgan440,1960-4-31,61,F,
441,Melissa Davis,melissadavis441,1961-6-16,60,M,
442,Kim Sutton,kimsutton442,1984-8-5,37,F,
443,Lynn Green,lynngreen443,2003-9-15,18,M,
444,Sara Ortiz,saraortiz444,1981-7-2,40,M,
445,Richard Schmitt,richardschmitt445,1990-4-17,31,F,
446,Brendan Ford Jr.,brendanfordjr.446,1978-2-2,43,F,
447,David Keller,davidkeller447,1960-12-6,61,M,
448,Leah Dixon,leahdixon448,1994-11-25,27,F,
449,Margaret Nelson,margaretnelson449,1965-7-28,56,F,
450,Richard Hughes,richardhughes450,1987-1-15,34,F,
451,Daniel Armstrong,danielarmstrong451,1973-8-17,48,F,
452,Larry Boyd,larryboyd452,1971-10-5,50,F,
453,Lisa Foster,lisafoster453,1986-8-31,35,M,
454,Deborah Moore,deborahmoore454,1995-3-7,26,M,
455,Claudia Parks,claudiaparks455,1967-8-30,54,M,
456,Craig Harris,craigharris456,1968-7-3,53,F,
457,Teresa Graham,teresagraham457,2002-9-27,19,F,
458,Mary Floyd,maryfloyd458,2001-7-23,20,M,
459,Shari Bentley,sharibentley459,1960-5-27,61,F,
460,Kelly Long,kellylong460,1979-10-16,42,F,
461,Thomas Foster,thomasfoster461,2001-6-1,20,M,
462,Elizabeth Heath,elizabethheath462,1988-5-11,33,M,
463,Joel Hicks,joelhicks463,1964-12-1,57,F,
464,Kevin Sloan,kevinsloan464,1984-3-14,37,F,
465,Justin Ochoa,justinochoa465,1991-2-26,30,F,
466,James Ford,jamesford466,1981-7-23,40,F,
467,Kristin Johnson,kristinjohnson467,1997-8-19,24,F,
468,Rita Owens,ritaowens468,1967-11-13,54,F,
469,Paul Mejia,paulmejia469,1979-9-18,42,M,
470,Parker Beck,parkerbeck470,1994-4-19,27,M,
471,Martin Gibson,martingibson471,1965-4-26,56,M,
472,John Herrera,johnherrera472,1995-5-8,26,F,
473,Kayla Acosta,kaylaacosta473,1985-9-11,36,M,
474,Robert Jones,robertjones474,1965-10-19,56,F,
475,Blake Lowery,blakelowery475,2002-7-28,19,M,
476,David Ellison Jr.,davidellisonjr.476,2002-4-1,19,F,
477,Robert Brown,robertbrown477,1961-5-5,60,M,
478,Steven Hinton,stevenhinton478,1969-8-15,52,F,
479,Amber Thompson,amberthompson479,1983-11-25,38,M,
480,Tiffany Phillips,tiffanyphillips480,1994-12-19,27,F,
481,Kenneth Snyder MD,kennethsnydermd481,1963-12-13,58,F,
482,Krystal Kirk,krystalkirk482,1987-10-31,34,F,
483,Melissa King,melissaking483,1978-4-18,43,M,
484,Alexis Steele MD,alexissteelemd484,1964-9-15,57,M,
485,Linda Massey,lindamassey485,1997-1-8,24,F,
486,Linda Brown,lindabrown486,1963-3-27,58,M,
487,Jordan Wallace,jordanwallace487,1964-7-13,57,F,
488,Evan Lawrence,evanlawrence488,1981-2-3,40,M,
489,David Jordan,davidjordan489,1964-10-5,57,F,
490,Cynthia Sparks,cynthiasparks490,1998-9-14,23,M,
491,Ryan Dorsey,ryandorsey491,2004-11-1,17,F,
492,Sarah Allen DDS,sarahallendds492,1972-9-4,49,M,
493,Bryce White,brycewhite493,1963-8-28,58,M,
494,Maria Allen,mariaallen494,1996-12-10,25,F,
495,Brandon Drake,brandondrake495,1966-6-8,55,M,
496,Nicolas Bailey,nicolasbailey496,1981-2-10,40,F,
497,Benjamin Wall,benjaminwall497,1984-11-15,37,F,
498,David Hamilton,davidhamilton498,1998-10-13,23,F,
499,Michele Garcia,michelegarcia499,1978-8-11,43,F,
500,Christian Carter,christiancarter500,1979-12-3,42,M,
501,Jose Miller,josemiller501,1992-5-16,29,M,
502,Mr. Steven Hernandez,mr.stevenhernandez502,1964-5-3,57,F,
503,Alan Jefferson,alanjefferson503,1997-2-23,24,M,
504,Anna Daniels,annadaniels504,1999-5-2,22,F,
505,Derrick Collier,derrickcollier505,1984-12-7,37,F,
506,Dana Mills,danamills506,1964-12-22,57,F,
507,James Francis,jamesfrancis507,1999-10-13,22,F,
508,Melinda Silva,melindasilva508,1975-2-7,46,F,
509,Crystal Spencer,crystalspencer509,1975-5-24,46,F,
510,Jason Scott,jasonscott510,1979-1-10,42,F,
511,Jeanette Rodriguez MD,jeanetterodriguezmd511,1993-2-18,28,F,
512,Barbara Lindsey,barbaralindsey512,1963-9-19,58,M,
513,Barbara Reilly,barbarareilly513,1976-4-4,45,M,
514,Joseph Barrera,josephbarrera514,2004-2-27,17,F,
515,Angela Dominguez,angeladominguez515,2001-12-4,20,M,
516,Tamara Freeman,tamarafreeman516,1960-7-28,61,F,
517,Arthur Martinez,arthurmartinez517,2005-6-8,16,F,
518,Anthony Cook,anthonycook518,1981-12-11,40,M,
519,Meredith Leonard,meredithleonard519,1969-8-18,52,M,
520,Cheryl Gordon,cherylgordon520,1998-5-4,23,M,
521,Nicole Coffey,nicolecoffey521,1996-4-9,25,M,
522,Diana Robles,dianarobles522,1999-1-13,22,M,
523,Tiffany Alexander,tiffanyalexander523,1983-11-25,38,M,
524,Joseph Shaffer,josephshaffer524,1981-2-4,40,F,
525,William Weber,williamweber525,1986-8-10,35,F,
526,Sarah Torres,sarahtorres526,1963-2-4,58,M,
527,Anna Meyer,annameyer527,1975-5-8,46,F,
528,Nicholas Martinez,nicholasmartinez528,1970-11-13,51,F,
529,Christopher Thomas,christopherthomas529,1986-10-25,35,F,
530,Laura Obrien,lauraobrien530,1976-10-21,45,M,
531,Frederick Williamson,frederickwilliamson531,1961-4-17,60,F,
532,Mark Blair,markblair532,1961-7-2,60,M,
533,Antonio Hunter,antoniohunter533,1997-5-31,24,F,
534,Sandy Jones,sandyjones534,1991-10-22,30,M,
535,Joseph Berry,josephberry535,1985-4-4,36,M,
536,Elizabeth Gray,elizabethgray536,1996-3-30,25,F,
537,George Smith,georgesmith537,1969-9-10,52,M,
538,Jennifer Contreras,jennifercontreras538,1986-7-15,35,F,
539,Kimberly Gardner,kimberlygardner539,1992-6-9,29,M,
540,Nicole Johnson,nicolejohnson540,1994-3-24,27,F,
541,Jennifer Lin,jenniferlin541,1995-8-1,26,F,
542,Dylan Rich,dylanrich542,1982-10-27,39,M,
543,Melissa Aguirre,melissaaguirre543,1975-10-18,46,M,
544,Zachary Bowers,zacharybowers544,1963-1-16,58,M,
545,Victor Brown,victorbrown545,1989-4-31,32,M,
546,Susan Rivers,susanrivers546,2003-8-6,18,M,
547,Darlene Garcia,darlenegarcia547,1987-10-19,34,M,
548,Paul Fox,paulfox548,1966-6-9,55,M,
549,Brian Campbell,briancampbell549,1969-6-5,52,F,
550,Crystal Hunt,crystalhunt550,1989-3-30,32,M,
551,Mathew Wilson,mathewwilson551,1963-8-28,58,F,
552,Patricia Cox,patriciacox552,1978-9-22,43,F,
553,Carlos Yang,carlosyang553,2000-2-20,21,M,
554,Noah Oneill,noahoneill554,1968-6-28,53,M,
555,Renee Davis,reneedavis555,1998-8-11,23,M,
556,Dylan Bowers,dylanbowers556,2002-11-24,19,F,
557,Denise Brown,denisebrown557,1987-6-14,34,F,
558,James Harris,jamesharris558,1964-1-24,57,F,
559,Jessica Meyer,jessicameyer559,1970-4-13,51,M,
560,Lee Shelton,leeshelton560,1966-6-18,55,M,
561,Brooke Wagner MD,brookewagnermd561,1994-2-2,27,F,
562,John Nelson,johnnelson562,2005-3-27,16,F,
563,Jonathan Cooper,jonathancooper563,1973-8-19,48,F,
564,Robert Brooks,robertbrooks564,1998-12-6,23,M,
565,Veronica Benjamin,veronicabenjamin565,2002-12-13,19,F,
566,Timothy Fox,timothyfox566,1972-2-28,49,F,
567,Kenneth Pitts,kennethpitts567,2002-11-13,19,F,
568,Brandy Fowler,brandyfowler568,1966-3-25,55,F,
569,Cheryl Valenzuela MD,cherylvalenzuelamd569,1974-6-17,47,M,
570,Catherine Trujillo,catherinetrujillo570,2002-3-21,19,M,
571,Kimberly Long,kimberlylong571,1981-8-30,40,M,
572,Amanda Pearson,amandapearson572,1974-6-28,47,M,
573,Mathew Smith,mathewsmith573,1975-6-23,46,F,
574,Michelle Robinson,michellerobinson574,1968-10-2,53,M,
575,Vincent Glass,vincentglass575,1966-1-29,55,F,
576,Luis Werner,luiswerner576,1961-12-17,60,M,
577,Robert Bush,robertbush577,1967-6-30,54,F,
578,Craig Bowman,craigbowman578,1994-7-2,27,M,
579,Terry Holder,terryholder579,1974-8-28,47,F,
580,Jennifer Berry,jenniferberry580,2003-2-7,18,M,
581,Bradley Jones,bradleyjones581,1982-4-7,39,M,
582,Mark Ruiz,markruiz582,1964-4-6,57,F,
583,Meghan Shah,meghanshah583,1979-8-22,42,M,
584,Robert Gallegos,robertgallegos584,2000-9-12,21,F,
585,Leslie Brady,lesliebrady585,1989-1-15,32,F,
586,Patrick Thomas,patrickthomas586,1989-7-29,32,F,
587,Sue Mason,suemason587,1980-1-12,41,M,
588,Kelsey Jenkins,kelseyjenkins588,1978-5-13,43,M,
589,Debra Sharp,debrasharp589,2003-9-29,18,M,
590,Daniel Potts,danielpotts590,1982-5-25,39,F,
591,John Schneider,johnschneider591,2005-4-22,16,F,
592,Melissa Matthews,melissamatthews592,1962-8-24,59,M,
593,David Smith,davidsmith593,1984-12-13,37,F,
594,Tiffany Montoya,tiffanymontoya594,1994-3-28,27,F,
595,Andrea Wilson,andreawilson595,1973-6-3,48,F,
596,Miguel Marshall,miguelmarshall596,1998-12-18,23,M,
597,Sara Stewart,sarastewart597,2004-12-20,17,F,
598,Terry Mullins,terrymullins598,1980-7-15,41,M,
599,Gregory Beard,gregorybeard599,1988-5-15,33,F,
600,Henry Compton,henrycompton600,1978-12-7,43,M,
601,Mia Coleman,miacoleman601,2002-11-19,19,M,
602,Samantha Matthews DDS,samanthamatthewsdds602,1982-10-28,39,M,
603,Jackie Bradford,jackiebradford603,1974-11-15,47,M,
604,Angelica Rodriguez,angelicarodriguez604,1989-11-20,32,M,
605,Susan Campbell,susancampbell605,1968-12-19,53,M,
606,Madeline Hodge,madelinehodge606,1993-9-10,28,M,
607,David Farmer,davidfarmer607,1990-5-23,31,M,
608,Felicia Green,feliciagreen608,1967-7-30,54,M,
609,Douglas Wright,douglaswright609,1960-3-24,61,M,
610,Holly Lopez,hollylopez610,1980-5-21,41,F,
611,Joshua Moore,joshuamoore611,2005-9-16,16,M,
612,Katherine Martin,katherinemartin612,1992-10-25,29,M,
613,Ashley Roberts,ashleyroberts613,1994-4-3,27,M,
614,James Giles,jamesgiles614,1960-6-12,61,M,
615,Sierra Chandler,sierrachandler615,1963-6-10,58,M,
616,Daniel Mcbride,danielmcbride616,1983-7-13,38,M,
617,Adrienne Miller,adriennemiller617,1979-9-4,42,F,
618,Leslie Kennedy,lesliekennedy618,1979-5-1,42,M,
619,Lynn Nichols,lynnnichols619,1960-7-5,61,M,
620,Daniel Michael,danielmichael620,1984-3-7,37,F,
621,Dawn Wood,dawnwood621,1984-6-4,37,F,
622,Kathleen Cordova,kathleencordova622,1994-7-16,27,M,
623,Renee Ford,reneeford623,1963-11-9,58,F,
624,Karen Avila,karenavila624,1972-12-13,49,M,
625,Michael Williams,michaelwilliams625,1968-4-28,53,M,
626,Jeffrey Harris,jeffreyharris626,1989-10-22,32,M,
627,Guy Davis,guydavis627,1966-12-20,55,F,
628,Krista Baird,kristabaird628,2002-1-17,19,M,
629,Betty Ramos,bettyramos629,1982-10-16,39,M,
630,Glenn Mitchell,glennmitchell630,1963-6-12,58,F,
631,Christopher Chandler,christopherchandler631,1982-12-30,39,M,
632,Kelly Gomez,kellygomez632,1982-7-18,39,F,
633,Pamela Anthony,pamelaanthony633,1965-12-18,56,F,
634,Tanya Johnson,tanyajohnson634,1983-8-29,38,M,
635,Kathleen Jacobs,kathleenjacobs635,1969-6-5,52,F,
636,Beverly Mcdonald,beverlymcdonald636,2004-9-25,17,M,
637,Robert Wilson,robertwilson637,1978-3-7,43,F,
638,Michael Garcia,michaelgarcia638,1993-9-20,28,M,
639,Shelby Silva,shelbysilva639,2001-12-27,20,M,
640,Deborah Skinner,deborahskinner640,1964-9-19,57,M,
641,Kimberly Smith,kimberlysmith641,1987-9-20,34,F,
642,Jason Delacruz,jasondelacruz642,1996-7-16,25,M,
643,Mr. John Conrad,mr.johnconrad643,1977-12-16,44,F,
644,Jonathan Bowen,jonathanbowen644,1977-2-5,44,M,
645,Kayla Aguirre,kaylaaguirre645,1976-12-18,45,M,
646,Joshua Elliott,joshuaelliott646,1961-1-20,60,M,
647,Elizabeth Franklin,elizabethfranklin647,1971-10-3,50,F,
648,Matthew Levy,matthewlevy648,1995-11-19,26,F,
649,Elizabeth Garrison,elizabethgarrison649,2002-2-5,19,F,
650,Jeremiah Bell,jeremiahbell650,1998-12-5,23,F,
651,Karen Frazier,karenfrazier651,1986-9-30,35,M,
652,Rebecca Brown,rebeccabrown652,1995-6-7,26,M,
653,Jonathan Cobb,jonathancobb653,1971-9-29,50,M,
654,Jesse Bradley,jessebradley654,1963-12-10,58,F,
655,Emily Willis,emilywillis655,1962-3-14,59,M,
656,Amy Morton,amymorton656,1968-9-21,53,F,
657,Donna Thompson,donnathompson657,2000-1-6,21,F,
658,Mrs. Lisa Bradshaw,mrs.lisabradshaw658,1982-11-9,39,M,
659,Monica Branch,monicabranch659,1974-11-12,47,F,
660,Shawn Davis,shawndavis660,1972-1-12,49,M,
661,Melanie Williams,melaniewilliams661,1972-8-29,49,M,
662,Michele Watson,michelewatson662,1979-5-16,42,M,
663,Amber Lee,amberlee663,1981-8-14,40,F,
664,Donald Munoz,donaldmunoz664,1995-5-20,26,F,
665,Brittney Stewart,brittneystewart665,1968-3-13,53,F,
666,Laura Garcia,lauragarcia666,1983-9-13,38,M,
667,Erika Walsh,erikawalsh667,1989-7-17,32,M,
668,Katherine Brooks,katherinebrooks668,1991-6-30,30,M,
669,Henry Watkins,henrywatkins669,1960-9-14,61,F,
670,Sarah Calhoun,sarahcalhoun670,1962-5-20,59,F,
671,Michelle Taylor,michelletaylor671,1980-7-27,41,M,
